Timestamp,1.เนื้อลิปสติกที่คุณเลือกให้เข้ากับลุคการแต่งหน้า,2.โทนสีลิปสติกที่คุณเลือกใช้,4.ราคาของลิปสติกตามเนื้อลิปที่เลือกด้านบน ,1.ช่วงอายุของคุณ,2.โทนสีผิวของคุณ,3.ลักษณะผิวริมฝีปากของคุณ,4.มีปัญหาปากแห้ง แตก หรือเป็นขุยหรือไม่,2.สไตล์การแต่งหน้าของคุณกับเนื้อลิปสติกที่เลือกใช้ด้านบน,1.สไตล์ของเสื้อผ้าที่คุณเลือกใส่ให้เข้ากับสีลิปสติก,6.จากเนื้อลิปสติกที่คุณเลือกใช้ คุณใช้เพื่อออกไปทำกิจกรรมใด,7.ช่วงเวลาที่คุณใช้ทำกิจกรรมดังกล่าว,3.ความถี่ในการเติมลิปสติกโดยประมาณระหว่างวันของคุณ,4.การใช้สีในการทาลิปสติกของคุณ,3.ความมันของเนื้อลิปสติกที่คุณเลือกใช้,5.ลักษณะการทาลิปสติกของคุณ
2/25/2021 17:10:04,ลิปกลอสและลิปทินส์,โทนสีแดง,201-500,น้อยกว่า 15,ผิวสองสี,ริมฝีปากสีคล้ำ,มี,สไตล์ธรรมชาติ,สตรีท,เพื่อไปเรียน,กลางคืน,น้อย (ไม่เติมระหว่างวัน),ผสมสี,5,ทาแบบเบลอขอบปาก
2/25/2021 17:10:25,ลิปเนื้อแมตต์,โทนสีส้ม,501-800,25 - 35,ผิวสองสี,ริมฝีปากสีคล้ำ,ไม่มี,สไตล์ธรรมชาติ,วินเทจ,เพื่อไปเที่ยว,กลางวัน,ปานกลาง (1-2 ครั้ง),สีเดียว,1,ทาแบบเต็มปาก
2/25/2021 18:19:20,ลิปเนื้อแมตต์,โทนน้ำตาล,น้อยกว่า 200,15 - 24,ผิวสองสี,ริมฝีปากสีคล้ำ,มี,สไตล์ธรรมชาติ,วินเทจ,เพื่อไปออกงานสำคัญ,กลางวัน,ปานกลาง (1-2 ครั้ง),สีเดียว,3,ทาแบบเบลอขอบปาก
2/25/2021 19:09:46,ลิควิดลิปสติก หรือ ลิปจิ้มจุ่ม,โทนสีนู้ด,น้อยกว่า 200,มากกว่า 35,ผิวขาวเหลือง,ริมฝีปากซีด,มี,สไตล์ธรรมชาติ,วินเทจ,เพื่อไปทำงาน,กลางวัน,น้อย (ไม่เติมระหว่างวัน),สีเดียว,1,ทาแบบเต็มปาก
2/25/2021 19:10:34,ลิปเนื้อซาตินและเนื้อเชียร์,โทนสีนู้ด,น้อยกว่า 200,25 - 35,ผิวขาวเหลือง,ริมฝีปากอมชมพู,ไม่มี,สไตล์เกาหลี,มินิมอล,เพื่อไปเที่ยว,กลางวัน,น้อย (ไม่เติมระหว่างวัน),ผสมสี,3,ทาแบบเต็มปาก
2/25/2021 19:11:01,ลิปเนื้อซาตินและเนื้อเชียร์,โทนสีนู้ด,น้อยกว่า 200,25 - 35,ผิวขาวเหลือง,ริมฝีปากอมชมพู,มี,สไตล์ธรรมชาติ,วินเทจ,เพื่อไปออกงานสำคัญ,กลางวัน,ปานกลาง (1-2 ครั้ง),สีเดียว,3,ทาแบบเต็มปาก
2/25/2021 19:11:15,ลิควิดลิปสติก หรือ ลิปจิ้มจุ่ม,โทนสีชมพู,201-500,25 - 35,ผิวขาวเหลือง,ริมฝีปากอมชมพู,มี,สไตล์ธรรมชาติ,มินิมอล,เพื่อไปทำงาน,กลางวัน,น้อย (ไม่เติมระหว่างวัน),ผสมสี,2,ทาแบบเต็มปาก
2/25/2021 19:11:47,ลิปเนื้อซาตินและเนื้อเชียร์,โทนสีนู้ด,น้อยกว่า 200,25 - 35,ผิวขาวเหลือง,ริมฝีปากอมชมพู,มี,สไตล์ธรรมชาติ,วินเทจ,เพื่อไปออกงานสำคัญ,กลางวัน,ปานกลาง (1-2 ครั้ง),สีเดียว,3,ทาแบบเต็มปาก
2/25/2021 19:11:52,ลิปเนื้อซาตินและเนื้อเชียร์,โทนสีนู้ด,น้อยกว่า 200,25 - 35,ผิวขาวเหลือง,ริมฝีปากอมชมพู,มี,สไตล์ธรรมชาติ,วินเทจ,เพื่อไปออกงานสำคัญ,กลางวัน,ปานกลาง (1-2 ครั้ง),สีเดียว,3,ทาแบบเต็มปาก
2/25/2021 19:12:45,ลิควิดลิปสติก หรือ ลิปจิ้มจุ่ม,โทนสีแดง,201-500,15 - 24,ผิวขาวอมชมพู,ริมฝีปากซีด,ไม่มี,สไตล์เกาหลี,เกาหลี,เพื่อไปเที่ยว,กลางวัน,ปานกลาง (1-2 ครั้ง),สีเดียว,2,ทาแบบเต็มปาก
2/25/2021 19:13:26,ลิปเนื้อครีม,โทนสีแดง,น้อยกว่า 200,25 - 35,ผิวขาวอมชมพู,ริมฝีปากซีด,มี,สไตล์ธรรมชาติ,สตรีท,เพื่อไปออกงานสำคัญ,กลางวัน,ปานกลาง (1-2 ครั้ง),ผสมสี,3,ทาแบบเต็มปาก
2/25/2021 19:13:48,ลิปเนื้อแมตต์,โทนสีแดง,201-500,25 - 35,ผิวแทน,ริมฝีปากสีคล้ำ,มี,สไตล์ธรรมชาติ,สตรีท,เพื่อไปเที่ยว,กลางวัน,น้อย (ไม่เติมระหว่างวัน),สีเดียว,2,ทาแบบเต็มปาก
2/25/2021 19:14:23,ลิปเนื้อแมตต์,โทนสีนู้ด,201-500,25 - 35,ผิวขาวเหลือง,ริมฝีปากอมชมพู,มี,สไตล์ธรรมชาติ,สตรีท,เพื่อไปออกงานสำคัญ,กลางวัน,ปานกลาง (1-2 ครั้ง),สีเดียว,2,ทาแบบเต็มปาก
2/25/2021 19:15:54,ลิควิดลิปสติก หรือ ลิปจิ้มจุ่ม,โทนน้ำตาล,201-500,15 - 24,ผิวสองสี,ริมฝีปากสีคล้ำ,ไม่มี,สไตล์ธรรมชาติ,วินเทจ,เพื่อไปเที่ยว,กลางวัน,ปานกลาง (1-2 ครั้ง),สีเดียว,4,ทาแบบเบลอขอบปาก
2/25/2021 19:17:45,ลิควิดลิปสติก หรือ ลิปจิ้มจุ่ม,โทนสีชมพู,201-500,25 - 35,ผิวขาวเหลือง,ริมฝีปากสีคล้ำ,ไม่มี,สไตล์เกาหลี,สตรีท,เพื่อไปทำงาน,กลางวัน,น้อย (ไม่เติมระหว่างวัน),ผสมสี,3,ทาแบบเต็มปาก
2/25/2021 19:18:11,ลิปเนื้อแมตต์,โทนสีแดง,201-500,25 - 35,ผิวขาวเหลือง,ริมฝีปากสีคล้ำ,ไม่มี,สไตล์ฝรั่ง,สตรีท,เพื่อไปทำงาน,กลางวัน,น้อย (ไม่เติมระหว่างวัน),ผสมสี,1,ทาแบบเต็มปาก
2/25/2021 19:18:34,ลิควิดลิปสติก หรือ ลิปจิ้มจุ่ม,โทนสีส้ม,น้อยกว่า 200,25 - 35,ผิวสองสี,ริมฝีปากซีด,มี,สไตล์ธรรมชาติ,สตรีท,เพื่อไปทำงาน,กลางวัน,ปานกลาง (1-2 ครั้ง),ผสมสี,1,ทาแบบเกินขอบปาก
2/25/2021 19:19:34,ลิปเนื้อแมตต์,โทนสีส้ม,น้อยกว่า 200,25 - 35,ผิวขาวเหลือง,ริมฝีปากสีคล้ำ,มี,สไตล์ธรรมชาติ,มินิมอล,เพื่อไปทำงาน,กลางวัน,น้อย (ไม่เติมระหว่างวัน),สีเดียว,1,ทาแบบเบลอขอบปาก
2/25/2021 19:20:36,ลิควิดลิปสติก หรือ ลิปจิ้มจุ่ม,โทนสีชมพู,201-500,25 - 35,ผิวสองสี,ริมฝีปากซีด,มี,สไตล์ธรรมชาติ,มินิมอล,เพื่อไปทำงาน,กลางวัน,ปานกลาง (1-2 ครั้ง),สีเดียว,1,ทาแบบเต็มปาก
2/25/2021 19:23:59,ลิปเนื้อแมตต์,โทนสีแดง,น้อยกว่า 200,มากกว่า 35,ผิวสองสี,ริมฝีปากอมชมพู,มี,สไตล์ธรรมชาติ,วินเทจ,เพื่อไปเที่ยว,กลางวัน,ปานกลาง (1-2 ครั้ง),สีเดียว,3,ทาแบบเต็มปาก
2/25/2021 19:27:52,ลิปเนื้อแมตต์,โทนสีแดง,น้อยกว่า 200,มากกว่า 35,ผิวสองสี,ริมฝีปากอมชมพู,ไม่มี,สไตล์ธรรมชาติ,มินิมอล,เพื่อไปออกงานสำคัญ,กลางวัน,น้อย (ไม่เติมระหว่างวัน),สีเดียว,3,ทาแบบเบลอขอบปาก
2/25/2021 19:30:14,ลิปเนื้อแมตต์,โทนสีส้ม,น้อยกว่า 200,25 - 35,ผิวสองสี,ริมฝีปากสีคล้ำ,มี,สไตล์ธรรมชาติ,มินิมอล,เพื่อไปทำงาน,กลางวัน,น้อย (ไม่เติมระหว่างวัน),สีเดียว,1,ทาแบบเบลอขอบปาก
2/25/2021 19:31:54,ลิปเนื้อแมตต์,โทนน้ำตาล,น้อยกว่า 200,25 - 35,ผิวสองสี,ริมฝีปากสีคล้ำ,มี,สไตล์ธรรมชาติ,วินเทจ,เพื่อไปออกงานสำคัญ,กลางวัน,ปานกลาง (1-2 ครั้ง),ผสมสี,3,ทาแบบเต็มปาก
2/25/2021 19:31:58,ลิควิดลิปสติก หรือ ลิปจิ้มจุ่ม,โทนสีส้ม,201-500,มากกว่า 35,ผิวสองสี,ริมฝีปากสีคล้ำ,มี,สไตล์ธรรมชาติ,สตรีท,เพื่อไปทำงาน,กลางวัน,ปานกลาง (1-2 ครั้ง),สีเดียว,2,ทาแบบเต็มปาก
2/25/2021 19:32:11,ลิควิดลิปสติก หรือ ลิปจิ้มจุ่ม,โทนสีส้ม,201-500,มากกว่า 35,ผิวสองสี,ริมฝีปากสีคล้ำ,มี,สไตล์ธรรมชาติ,สตรีท,เพื่อไปทำงาน,กลางวัน,ปานกลาง (1-2 ครั้ง),สีเดียว,2,ทาแบบเต็มปาก
2/25/2021 19:32:50,ลิปเนื้อซาตินและเนื้อเชียร์,โทนสีชมพู,201-500,มากกว่า 35,ผิวขาวเหลือง,ริมฝีปากซีด,ไม่มี,สไตล์ธรรมชาติ,วินเทจ,เพื่อไปทำงาน,กลางวัน,น้อย (ไม่เติมระหว่างวัน),สีเดียว,3,ทาแบบเต็มปาก
2/25/2021 19:33:59,ลิควิดลิปสติก หรือ ลิปจิ้มจุ่ม,โทนสีส้ม,น้อยกว่า 200,25 - 35,ผิวแทน,ริมฝีปากสีคล้ำ,มี,สไตล์ธรรมชาติ,วินเทจ,เพื่อไปทำงาน,กลางวัน,ปานกลาง (1-2 ครั้ง),สีเดียว,4,ทาแบบเต็มปาก
2/25/2021 19:34:01,ลิควิดลิปสติก หรือ ลิปจิ้มจุ่ม,โทนน้ำตาล,น้อยกว่า 200,25 - 35,ผิวแทน,ริมฝีปากสีคล้ำ,มี,สไตล์ธรรมชาติ,วินเทจ,เพื่อไปออกงานสำคัญ,กลางวัน,ปานกลาง (1-2 ครั้ง),ผสมสี,3,ทาแบบเต็มปาก
2/25/2021 19:34:36,ลิปเนื้อครีม,โทนสีชมพู,201-500,มากกว่า 35,ผิวสองสี,ริมฝีปากอมชมพู,ไม่มี,สไตล์ธรรมชาติ,มินิมอล,เพื่อไปออกงานสำคัญ,กลางวัน,ปานกลาง (1-2 ครั้ง),ผสมสี,3,ทาแบบเต็มปาก
2/25/2021 19:34:41,ลิปเนื้อซาตินและเนื้อเชียร์,โทนน้ำตาล,201-500,มากกว่า 35,ผิวสองสี,ริมฝีปากสีคล้ำ,มี,สไตล์ธรรมชาติ,สตรีท,เพื่อไปทำงาน,กลางวัน,ปานกลาง (1-2 ครั้ง),สีเดียว,3,ทาแบบเต็มปาก
2/25/2021 19:36:07,ลิปเนื้อแมตต์,โทนน้ำตาล,น้อยกว่า 200,15 - 24,ผิวสองสี,ริมฝีปากสีคล้ำ,มี,สไตล์ธรรมชาติ,วินเทจ,เพื่อไปเที่ยว,กลางวัน,ปานกลาง (1-2 ครั้ง),ผสมสี,3,ทาแบบเต็มปาก
2/25/2021 19:37:30,ลิควิดลิปสติก หรือ ลิปจิ้มจุ่ม,โทนสีแดง,201-500,15 - 24,ผิวขาวเหลือง,ริมฝีปากอมชมพู,มี,สไตล์ธรรมชาติ,สตรีท,เพื่อไปเรียน,กลางวัน,ปานกลาง (1-2 ครั้ง),สีเดียว,3,ทาแบบเต็มปาก
2/25/2021 19:40:07,ลิควิดลิปสติก หรือ ลิปจิ้มจุ่ม,โทนสีนู้ด,น้อยกว่า 200,15 - 24,ผิวขาวเหลือง,ริมฝีปากซีด,มี,สไตล์ธรรมชาติ,มินิมอล,เพื่อไปเที่ยว,กลางวัน,ปานกลาง (1-2 ครั้ง),สีเดียว,3,ทาแบบเต็มปาก
2/25/2021 19:41:13,ลิควิดลิปสติก หรือ ลิปจิ้มจุ่ม,โทนสีนู้ด,201-500,มากกว่า 35,ผิวแทน,ริมฝีปากสีคล้ำ,ไม่มี,สไตล์ธรรมชาติ,สตรีท,เพื่อไปออกงานสำคัญ,กลางวัน,ปานกลาง (1-2 ครั้ง),สีเดียว,3,ทาแบบเต็มปาก
2/25/2021 19:41:23,ลิควิดลิปสติก หรือ ลิปจิ้มจุ่ม,โทนน้ำตาล,น้อยกว่า 200,15 - 24,ผิวแทน,ริมฝีปากสีคล้ำ,มี,สไตล์ฝรั่ง,วินเทจ,เพื่อไปทำงาน,กลางวัน,น้อย (ไม่เติมระหว่างวัน),ผสมสี,3,ทาแบบเบลอขอบปาก
2/25/2021 19:46:11,ลิปมันและลิปบาล์ม,โทนสีนู้ด,น้อยกว่า 200,25 - 35,ผิวขาวเหลือง,ริมฝีปากอมชมพู,มี,สไตล์ธรรมชาติ,สตรีท,เพื่อไปทำงาน,กลางวัน,ปานกลาง (1-2 ครั้ง),ผสมสี,3,ทาแบบเบลอขอบปาก
2/25/2021 19:47:07,ลิปเนื้อแมตต์,โทนสีส้ม,น้อยกว่า 200,มากกว่า 35,ผิวขาวเหลือง,ริมฝีปากสีคล้ำ,มี,สไตล์ธรรมชาติ,เกาหลี,เพื่อไปทำงาน,กลางวัน,ปานกลาง (1-2 ครั้ง),สีเดียว,3,ทาแบบเต็มปาก
2/25/2021 19:47:39,ลิควิดลิปสติก หรือ ลิปจิ้มจุ่ม,โทนสีนู้ด,น้อยกว่า 200,มากกว่า 35,ผิวคล้ำ,ริมฝีปากสีคล้ำ,มี,สไตล์ธรรมชาติ,สตรีท,เพื่อไปออกงานสำคัญ,กลางวัน,ปานกลาง (1-2 ครั้ง),ผสมสี,5,ทาแบบเบลอขอบปาก
2/25/2021 19:47:39,ลิปเนื้อครีม,โทนสีส้ม,201-500,มากกว่า 35,ผิวแทน,ริมฝีปากสีคล้ำ,มี,สไตล์ธรรมชาติ,วินเทจ,เพื่อไปออกงานสำคัญ,กลางวัน,น้อย (ไม่เติมระหว่างวัน),สีเดียว,2,ทาแบบเบลอขอบปาก
2/25/2021 19:48:02,ลิปเนื้อครีม,โทนสีชมพู,น้อยกว่า 200,15 - 24,ผิวขาวเหลือง,ริมฝีปากอมชมพู,มี,สไตล์ธรรมชาติ,มินิมอล,เพื่อไปเที่ยว,กลางวัน,ปานกลาง (1-2 ครั้ง),สีเดียว,2,ทาแบบเต็มปาก
2/25/2021 19:48:48,ลิปเนื้อแมตต์,โทนสีส้ม,น้อยกว่า 200,มากกว่า 35,ผิวสองสี,ริมฝีปากสีคล้ำ,มี,สไตล์ธรรมชาติ,เกาหลี,เพื่อไปทำงาน,กลางวัน,ปานกลาง (1-2 ครั้ง),สีเดียว,3,ทาแบบเต็มปาก
2/25/2021 19:49:52,ลิควิดลิปสติก หรือ ลิปจิ้มจุ่ม,โทนน้ำตาล,น้อยกว่า 200,15 - 24,ผิวสองสี,ริมฝีปากอมชมพู,ไม่มี,สไตล์ธรรมชาติ,วินเทจ,เพื่อไปทำงาน,กลางวัน,มาก (มากว่า 2 ครั้ง),สีเดียว,3,ทาแบบเต็มปาก
2/25/2021 19:51:14,ลิปเนื้อแมตต์,โทนสีส้ม,201-500,25 - 35,ผิวขาวเหลือง,ริมฝีปากสีคล้ำ,ไม่มี,สไตล์เกาหลี,เกาหลี,เพื่อไปเที่ยว,กลางวัน,ปานกลาง (1-2 ครั้ง),สีเดียว,2,ทาแบบเต็มปาก
2/25/2021 19:52:44,ลิปเนื้อแมตต์,โทนสีชมพู,น้อยกว่า 200,15 - 24,ผิวขาวเหลือง,ริมฝีปากสีคล้ำ,มี,สไตล์เกาหลี,มินิมอล,เพื่อไปทำงาน,กลางวัน,ปานกลาง (1-2 ครั้ง),สีเดียว,1,ทาแบบเกินขอบปาก
2/25/2021 19:58:57,ลิปเนื้อแมตต์,โทนสีแดง,น้อยกว่า 200,มากกว่า 35,ผิวสองสี,ริมฝีปากซีด,ไม่มี,สไตล์ธรรมชาติ,วินเทจ,เพื่อไปทำงาน,กลางวัน,ปานกลาง (1-2 ครั้ง),สีเดียว,3,ทาแบบเต็มปาก
2/25/2021 19:59:01,ลิปเนื้อแมตต์,โทนสีส้ม,201-500,มากกว่า 35,ผิวสองสี,ริมฝีปากอมชมพู,ไม่มี,สไตล์ธรรมชาติ,มินิมอล,เพื่อไปออกงานสำคัญ,กลางวัน,ปานกลาง (1-2 ครั้ง),สีเดียว,2,ทาแบบเต็มปาก
2/25/2021 20:00:52,ลิควิดลิปสติก หรือ ลิปจิ้มจุ่ม,โทนสีแดง,201-500,มากกว่า 35,ผิวขาวเหลือง,ริมฝีปากซีด,ไม่มี,สไตล์ธรรมชาติ,อเมริกัน,เพื่อไปทำงาน,กลางวัน,น้อย (ไม่เติมระหว่างวัน),ผสมสี,3,ทาแบบเต็มปาก
2/25/2021 20:14:56,ลิปมันและลิปบาล์ม,โทนสีนู้ด,น้อยกว่า 200,มากกว่า 35,ผิวสองสี,ริมฝีปากสีคล้ำ,ไม่มี,สไตล์ธรรมชาติ,วินเทจ,เพื่อไปเที่ยว,กลางวัน,น้อย (ไม่เติมระหว่างวัน),สีเดียว,3,ทาแบบเต็มปาก
2/25/2021 20:18:53,ลิควิดลิปสติก หรือ ลิปจิ้มจุ่ม,โทนน้ำตาล,201-500,25 - 35,ผิวสองสี,ริมฝีปากสีคล้ำ,มี,สไตล์ธรรมชาติ,มินิมอล,เพื่อไปทำงาน,กลางวัน,น้อย (ไม่เติมระหว่างวัน),ผสมสี,3,ทาแบบเต็มปาก
2/25/2021 20:32:23,ลิควิดลิปสติก หรือ ลิปจิ้มจุ่ม,โทนสีชมพู,น้อยกว่า 200,25 - 35,ผิวขาวเหลือง,ริมฝีปากสีคล้ำ,มี,สไตล์ธรรมชาติ,มินิมอล,เพื่อไปทำงาน,กลางวัน,น้อย (ไม่เติมระหว่างวัน),ผสมสี,2,ทาแบบเต็มปาก
2/25/2021 20:43:48,ลิปเนื้อซาตินและเนื้อเชียร์,โทนสีแดง,201-500,25 - 35,ผิวขาวเหลือง,ริมฝีปากอมชมพู,ไม่มี,สไตล์ธรรมชาติ,วินเทจ,เพื่อไปออกงานสำคัญ,กลางวัน,ปานกลาง (1-2 ครั้ง),ผสมสี,2,ทาแบบเบลอขอบปาก
2/25/2021 20:47:45,ลิปมันและลิปบาล์ม,โทนสีส้ม,น้อยกว่า 200,25 - 35,ผิวขาวเหลือง,ริมฝีปากอมชมพู,มี,สไตล์ธรรมชาติ,มินิมอล,เพื่อไปเรียน,กลางวัน,น้อย (ไม่เติมระหว่างวัน),สีเดียว,2,ทาแบบเต็มปาก
2/25/2021 21:04:32,ลิปเนื้อแมตต์,โทนสีชมพู,201-500,25 - 35,ผิวแทน,ริมฝีปากสีคล้ำ,มี,สไตล์ฝรั่ง,สตรีท,เพื่อไปทำงาน,กลางวัน,มาก (มากว่า 2 ครั้ง),ผสมสี,2,ทาแบบเกินขอบปาก
2/25/2021 21:04:38,ลิปเนื้อครีม,โทนสีนู้ด,201-500,มากกว่า 35,ผิวขาวเหลือง,ริมฝีปากอมชมพู,มี,สไตล์ธรรมชาติ,มินิมอล,เพื่อไปออกงานสำคัญ,กลางวัน,ปานกลาง (1-2 ครั้ง),สีเดียว,3,ทาแบบเต็มปาก
2/25/2021 21:08:30,ลิปกลอสและลิปทินส์,โทนสีชมพู,น้อยกว่า 200,25 - 35,ผิวสองสี,ริมฝีปากสีคล้ำ,มี,สไตล์ธรรมชาติ,สตรีท,เพื่อไปทำงาน,กลางวัน,น้อย (ไม่เติมระหว่างวัน),สีเดียว,4,ทาแบบเบลอขอบปาก
2/25/2021 21:17:49,ลิควิดลิปสติก หรือ ลิปจิ้มจุ่ม,โทนสีส้ม,201-500,25 - 35,ผิวสองสี,ริมฝีปากสีคล้ำ,มี,สไตล์ธรรมชาติ,มินิมอล,เพื่อไปออกงานสำคัญ,กลางวัน,น้อย (ไม่เติมระหว่างวัน),ผสมสี,4,ทาแบบเบลอขอบปาก
2/25/2021 21:19:28,ลิควิดลิปสติก หรือ ลิปจิ้มจุ่ม,โทนสีส้ม,201-500,มากกว่า 35,ผิวสองสี,ริมฝีปากสีคล้ำ,มี,สไตล์ธรรมชาติ,เกาหลี,เพื่อไปเที่ยว,กลางวัน,ปานกลาง (1-2 ครั้ง),ผสมสี,2,ทาแบบเบลอขอบปาก
2/25/2021 21:57:48,ลิปเนื้อแมตต์,โทนสีส้ม,201-500,น้อยกว่า 15,ผิวขาวอมชมพู,ริมฝีปากสีคล้ำ,มี,สไตล์เกาหลี,วินเทจ,เพื่อไปทำงาน,กลางวัน,มาก (มากว่า 2 ครั้ง),สีเดียว,3,ทาแบบเบลอขอบปาก
2/25/2021 22:17:17,ลิควิดลิปสติก หรือ ลิปจิ้มจุ่ม,โทนสีส้ม,501-800,15 - 24,ผิวขาวเหลือง,ริมฝีปากสีคล้ำ,ไม่มี,สไตล์เกาหลี,เกาหลี,เพื่อไปเที่ยว,กลางวัน,ปานกลาง (1-2 ครั้ง),ผสมสี,3,ทาแบบเต็มปาก
2/25/2021 22:18:43,ลิปมันและลิปบาล์ม,โทนสีนู้ด,น้อยกว่า 200,15 - 24,ผิวขาวเหลือง,ริมฝีปากอมชมพู,มี,สไตล์ธรรมชาติ,มินิมอล,เพื่อไปเรียน,กลางวัน,ปานกลาง (1-2 ครั้ง),ผสมสี,3,ทาแบบเบลอขอบปาก
2/25/2021 22:58:20,ลิปเนื้อแมตต์,โทนสีนู้ด,น้อยกว่า 200,มากกว่า 35,ผิวสองสี,ริมฝีปากสีคล้ำ,มี,สไตล์ธรรมชาติ,วินเทจ,เพื่อไปออกงานสำคัญ,กลางวัน,น้อย (ไม่เติมระหว่างวัน),สีเดียว,1,ทาแบบเต็มปาก
2/25/2021 23:01:01,ลิปเนื้อซาตินและเนื้อเชียร์,โทนสีแดง,น้อยกว่า 200,มากกว่า 35,ผิวขาวเหลือง,ริมฝีปากซีด,มี,สไตล์ธรรมชาติ,วินเทจ,เพื่อไปทำงาน,กลางวัน,ปานกลาง (1-2 ครั้ง),สีเดียว,4,ทาแบบเต็มปาก
2/25/2021 23:18:27,ลิปเนื้อแมตต์,โทนสีส้ม,201-500,มากกว่า 35,ผิวขาวเหลือง,ริมฝีปากสีคล้ำ,มี,สไตล์ธรรมชาติ,อเมริกัน,เพื่อไปออกงานสำคัญ,กลางวัน,น้อย (ไม่เติมระหว่างวัน),สีเดียว,3,ทาแบบเต็มปาก
2/26/2021 8:34:51,ลิควิดลิปสติก หรือ ลิปจิ้มจุ่ม,โทนสีส้ม,น้อยกว่า 200,15 - 24,ผิวสองสี,ริมฝีปากสีคล้ำ,ไม่มี,สไตล์ธรรมชาติ,วินเทจ,เพื่อไปเที่ยว,กลางวัน,ปานกลาง (1-2 ครั้ง),ผสมสี,1,ทาแบบเบลอขอบปาก
2/26/2021 15:41:59,ลิปเนื้อครีม,โทนสีชมพู,201-500,15 - 24,ผิวขาวอมชมพู,ริมฝีปากซีด,มี,สไตล์ธรรมชาติ,มินิมอล,เพื่อไปเที่ยว,กลางวัน,น้อย (ไม่เติมระหว่างวัน),สีเดียว,3,ทาแบบเต็มปาก
2/28/2021 20:44:57,ลิปเนื้อแมตต์,โทนสีส้ม,น้อยกว่า 200,15 - 24,ผิวสองสี,ริมฝีปากสีคล้ำ,มี,สไตล์ธรรมชาติ,มินิมอล,เพื่อไปเที่ยว,กลางวัน,มาก (มากว่า 2 ครั้ง),ผสมสี,3,ทาแบบเต็มปาก
3/1/2021 21:44:44,ลิปมันและลิปบาล์ม,โทนสีแดง,น้อยกว่า 200,น้อยกว่า 15,ผิวขาวเหลือง,ริมฝีปากอมชมพู,ไม่มี,สไตล์ธรรมชาติ,มินิมอล,เพื่อไปเรียน,กลางวัน,ปานกลาง (1-2 ครั้ง),สีเดียว,2,ทาแบบเบลอขอบปาก
3/1/2021 21:45:12,ลิปกลอสและลิปทินส์,โทนสีนู้ด,201-500,น้อยกว่า 15,ผิวสองสี,ริมฝีปากสีคล้ำ,ไม่มี,สไตล์ธรรมชาติ,สตรีท,เพื่อไปเที่ยว,กลางวัน,น้อย (ไม่เติมระหว่างวัน),สีเดียว,3,ทาแบบเต็มปาก
3/1/2021 21:45:53,ลิปเนื้อแมตต์,โทนสีชมพู,201-500,น้อยกว่า 15,ผิวขาวเหลือง,ริมฝีปากอมชมพู,มี,สไตล์เกาหลี,วินเทจ,เพื่อไปเที่ยว,กลางวัน,ปานกลาง (1-2 ครั้ง),ผสมสี,2,ทาแบบเบลอขอบปาก
3/1/2021 21:46:17,ลิปมันและลิปบาล์ม,โทนสีชมพู,น้อยกว่า 200,น้อยกว่า 15,ผิวสองสี,ริมฝีปากสีคล้ำ,มี,สไตล์ธรรมชาติ,เกาหลี,เพื่อไปเรียน,กลางวัน,ปานกลาง (1-2 ครั้ง),สีเดียว,4,ทาแบบเต็มปาก
3/1/2021 21:46:53,ลิปมันและลิปบาล์ม,โทนสีชมพู,น้อยกว่า 200,น้อยกว่า 15,ผิวขาวเหลือง,ริมฝีปากสีคล้ำ,มี,สไตล์ธรรมชาติ,มินิมอล,เพื่อไปเรียน,กลางวัน,มาก (มากว่า 2 ครั้ง),ผสมสี,3,ทาแบบเต็มปาก
3/1/2021 21:47:49,ลิปมันและลิปบาล์ม,โทนสีชมพู,201-500,น้อยกว่า 15,ผิวสองสี,ริมฝีปากอมชมพู,มี,สไตล์ธรรมชาติ,เกาหลี,เพื่อไปเที่ยว,กลางวัน,ปานกลาง (1-2 ครั้ง),ผสมสี,2,ทาแบบเต็มปาก
3/1/2021 21:49:34,ลิปมันและลิปบาล์ม,โทนสีชมพู,น้อยกว่า 200,น้อยกว่า 15,ผิวขาวอมชมพู,ริมฝีปากอมชมพู,มี,สไตล์ธรรมชาติ,มินิมอล,เพื่อไปเรียน,กลางวัน,มาก (มากว่า 2 ครั้ง),สีเดียว,3,ทาแบบเต็มปาก
3/1/2021 21:55:09,ลิปมันและลิปบาล์ม,โทนสีชมพู,201-500,น้อยกว่า 15,ผิวขาวเหลือง,ริมฝีปากอมชมพู,ไม่มี,สไตล์ธรรมชาติ,มินิมอล,เพื่อไปเรียน,กลางวัน,ปานกลาง (1-2 ครั้ง),สีเดียว,3,ทาแบบเต็มปาก
3/1/2021 21:56:42,ลิควิดลิปสติก หรือ ลิปจิ้มจุ่ม,โทนสีชมพู,201-500,น้อยกว่า 15,ผิวขาวเหลือง,ริมฝีปากอมชมพู,ไม่มี,สไตล์ธรรมชาติ,มินิมอล,เพื่อไปเที่ยว,กลางวัน,ปานกลาง (1-2 ครั้ง),สีเดียว,3,ทาแบบเต็มปาก
3/1/2021 22:03:56,ลิปเนื้อแมตต์,โทนน้ำตาล,501-800,25 - 35,ผิวขาวเหลือง,ริมฝีปากสีคล้ำ,มี,สไตล์ธรรมชาติ,มินิมอล,เพื่อไปออกงานสำคัญ,กลางวัน,ปานกลาง (1-2 ครั้ง),สีเดียว,2,ทาแบบเต็มปาก
3/1/2021 22:04:10,ลิปมันและลิปบาล์ม,โทนสีชมพู,น้อยกว่า 200,25 - 35,ผิวขาวเหลือง,ริมฝีปากสีคล้ำ,มี,สไตล์ธรรมชาติ,วินเทจ,เพื่อไปออกงานสำคัญ,กลางวัน,ปานกลาง (1-2 ครั้ง),สีเดียว,3,ทาแบบเต็มปาก
3/1/2021 22:05:34,ลิปเนื้อแมตต์,โทนสีส้ม,201-500,25 - 35,ผิวขาวเหลือง,ริมฝีปากอมชมพู,มี,สไตล์ธรรมชาติ,มินิมอล,เพื่อไปทำงาน,กลางวัน,ปานกลาง (1-2 ครั้ง),สีเดียว,3,ทาแบบเต็มปาก
3/1/2021 22:05:54,ลิปเนื้อซาตินและเนื้อเชียร์,โทนน้ำตาล,201-500,น้อยกว่า 15,ผิวสองสี,ริมฝีปากสีคล้ำ,มี,สไตล์ธรรมชาติ,เกาหลี,เพื่อไปเที่ยว,กลางวัน,น้อย (ไม่เติมระหว่างวัน),สีเดียว,2,ทาแบบเบลอขอบปาก
3/1/2021 22:05:55,ลิควิดลิปสติก หรือ ลิปจิ้มจุ่ม,โทนสีนู้ด,201-500,15 - 24,ผิวขาวเหลือง,ริมฝีปากอมชมพู,มี,สไตล์ธรรมชาติ,มินิมอล,เพื่อไปเที่ยว,กลางคืน,ปานกลาง (1-2 ครั้ง),ผสมสี,3,ทาแบบเกินขอบปาก
3/1/2021 22:06:01,ลิควิดลิปสติก หรือ ลิปจิ้มจุ่ม,โทนสีส้ม,201-500,25 - 35,ผิวสองสี,ริมฝีปากสีคล้ำ,ไม่มี,สไตล์ธรรมชาติ,มินิมอล,เพื่อไปทำงาน,กลางวัน,น้อย (ไม่เติมระหว่างวัน),สีเดียว,3,ทาแบบเต็มปาก
3/1/2021 22:07:55,ลิควิดลิปสติก หรือ ลิปจิ้มจุ่ม,โทนสีแดง,น้อยกว่า 200,น้อยกว่า 15,ผิวขาวเหลือง,ริมฝีปากอมชมพู,มี,สไตล์เกาหลี,เกาหลี,เพื่อไปเรียน,กลางวัน,มาก (มากว่า 2 ครั้ง),ผสมสี,3,ทาแบบเบลอขอบปาก
3/1/2021 22:08:12,ลิปเนื้อแมตต์,โทนสีส้ม,201-500,15 - 24,ผิวสองสี,ริมฝีปากสีคล้ำ,มี,สไตล์ธรรมชาติ,มินิมอล,เพื่อไปเที่ยว,กลางวัน,มาก (มากว่า 2 ครั้ง),สีเดียว,3,ทาแบบเต็มปาก
3/1/2021 22:08:26,ลิควิดลิปสติก หรือ ลิปจิ้มจุ่ม,โทนสีส้ม,น้อยกว่า 200,น้อยกว่า 15,ผิวสองสี,ริมฝีปากสีคล้ำ,มี,สไตล์ธรรมชาติ,มินิมอล,เพื่อไปออกงานสำคัญ,กลางวัน,น้อย (ไม่เติมระหว่างวัน),สีเดียว,2,ทาแบบเบลอขอบปาก
3/1/2021 22:08:59,ลิควิดลิปสติก หรือ ลิปจิ้มจุ่ม,โทนสีนู้ด,201-500,25 - 35,ผิวสองสี,ริมฝีปากอมชมพู,มี,สไตล์ฝรั่ง,วินเทจ,เพื่อไปเที่ยว,กลางวัน,มาก (มากว่า 2 ครั้ง),ผสมสี,3,ทาแบบเบลอขอบปาก
3/1/2021 22:09:05,ลิควิดลิปสติก หรือ ลิปจิ้มจุ่ม,โทนสีชมพู,201-500,15 - 24,ผิวขาวเหลือง,ริมฝีปากสีคล้ำ,มี,สไตล์ธรรมชาติ,มินิมอล,เพื่อไปออกงานสำคัญ,กลางวัน,ปานกลาง (1-2 ครั้ง),สีเดียว,4,ทาแบบเต็มปาก
3/1/2021 22:09:41,ลิปเนื้อแมตต์,โทนสีส้ม,น้อยกว่า 200,15 - 24,ผิวขาวเหลือง,ริมฝีปากสีคล้ำ,มี,สไตล์ธรรมชาติ,มินิมอล,เพื่อไปเรียน,กลางวัน,มาก (มากว่า 2 ครั้ง),ผสมสี,3,ทาแบบเต็มปาก
3/1/2021 22:10:27,ลิปเนื้อแมตต์,โทนสีนู้ด,201-500,15 - 24,ผิวขาวเหลือง,ริมฝีปากสีคล้ำ,มี,สไตล์เกาหลี,เกาหลี,เพื่อไปออกงานสำคัญ,กลางคืน,ปานกลาง (1-2 ครั้ง),สีเดียว,3,ทาแบบเต็มปาก
3/1/2021 22:12:28,ลิปเนื้อแมตต์,โทนสีชมพู,501-800,15 - 24,ผิวขาวอมชมพู,ริมฝีปากอมชมพู,มี,สไตล์ธรรมชาติ,วินเทจ,เพื่อไปออกงานสำคัญ,กลางวัน,น้อย (ไม่เติมระหว่างวัน),ผสมสี,5,ทาแบบเต็มปาก
3/1/2021 22:13:19,ลิปมันและลิปบาล์ม,โทนสีชมพู,น้อยกว่า 200,น้อยกว่า 15,ผิวขาวเหลือง,ริมฝีปากอมชมพู,มี,สไตล์ธรรมชาติ,มินิมอล,เพื่อไปเที่ยว,กลางวัน,ปานกลาง (1-2 ครั้ง),สีเดียว,3,ทาแบบเต็มปาก
3/1/2021 22:13:32,ลิควิดลิปสติก หรือ ลิปจิ้มจุ่ม,โทนสีแดง,น้อยกว่า 200,25 - 35,ผิวขาวเหลือง,ริมฝีปากอมชมพู,มี,สไตล์ธรรมชาติ,สตรีท,เพื่อไปเที่ยว,กลางคืน,ปานกลาง (1-2 ครั้ง),สีเดียว,3,ทาแบบเต็มปาก
3/1/2021 22:13:50,ลิปมันและลิปบาล์ม,โทนสีแดง,น้อยกว่า 200,น้อยกว่า 15,ผิวขาวเหลือง,ริมฝีปากอมชมพู,มี,สไตล์ธรรมชาติ,วินเทจ,เพื่อไปเที่ยว,กลางวัน,น้อย (ไม่เติมระหว่างวัน),สีเดียว,3,ทาแบบเบลอขอบปาก
3/1/2021 22:14:19,ลิปเนื้อแมตต์,โทนสีชมพู,201-500,มากกว่า 35,ผิวสองสี,ริมฝีปากสีคล้ำ,มี,สไตล์ธรรมชาติ,วินเทจ,เพื่อไปทำงาน,กลางวัน,ปานกลาง (1-2 ครั้ง),สีเดียว,3,ทาแบบเต็มปาก
3/1/2021 22:14:55,ลิปมันและลิปบาล์ม,โทนสีนู้ด,น้อยกว่า 200,น้อยกว่า 15,ผิวขาวเหลือง,ริมฝีปากอมชมพู,ไม่มี,สไตล์ธรรมชาติ,สตรีท,เพื่อไปออกงานสำคัญ,กลางวัน,ปานกลาง (1-2 ครั้ง),ผสมสี,2,ทาแบบเบลอขอบปาก
3/1/2021 22:18:04,ลิปกลอสและลิปทินส์,โทนสีชมพู,201-500,น้อยกว่า 15,ผิวสองสี,ริมฝีปากซีด,มี,สไตล์ธรรมชาติ,เกาหลี,เพื่อไปเที่ยว,กลางวัน,น้อย (ไม่เติมระหว่างวัน),สีเดียว,3,ทาแบบเบลอขอบปาก
3/1/2021 22:20:57,ลิปกลอสและลิปทินส์,โทนสีชมพู,201-500,น้อยกว่า 15,ผิวขาวอมชมพู,ริมฝีปากอมชมพู,ไม่มี,สไตล์เกาหลี,เกาหลี,เพื่อไปเรียน,กลางวัน,มาก (มากว่า 2 ครั้ง),สีเดียว,2,ทาแบบเต็มปาก
3/1/2021 22:21:52,ลิปไลเนอร์,โทนสีแดง,501-800,น้อยกว่า 15,ผิวคล้ำ,ริมฝีปากสีคล้ำ,มี,สไตล์เกาหลี,วินเทจ,เพื่อไปออกกำลังกาย,กลางคืน,มาก (มากว่า 2 ครั้ง),สีเดียว,3,ทาแบบเกินขอบปาก
3/1/2021 22:24:00,ลิปกลอสและลิปทินส์,โทนสีส้ม,201-500,น้อยกว่า 15,ผิวสองสี,ริมฝีปากสีคล้ำ,มี,สไตล์ธรรมชาติ,มินิมอล,เพื่อไปเรียน,กลางวัน,ปานกลาง (1-2 ครั้ง),ผสมสี,3,ทาแบบเต็มปาก
3/1/2021 22:24:07,ลิควิดลิปสติก หรือ ลิปจิ้มจุ่ม,โทนสีชมพู,น้อยกว่า 200,น้อยกว่า 15,ผิวขาวเหลือง,ริมฝีปากซีด,มี,สไตล์ธรรมชาติ,เกาหลี,เพื่อไปเที่ยว,กลางวัน,น้อย (ไม่เติมระหว่างวัน),สีเดียว,3,ทาแบบเต็มปาก
3/1/2021 22:24:08,ลิปกลอสและลิปทินส์,โทนสีแดง,201-500,น้อยกว่า 15,ผิวขาวเหลือง,ริมฝีปากอมชมพู,ไม่มี,สไตล์เกาหลี,มินิมอล,เพื่อไปเรียน,กลางวัน,มาก (มากว่า 2 ครั้ง),สีเดียว,2,ทาแบบเบลอขอบปาก
3/1/2021 22:24:11,ลิปกลอสและลิปทินส์,โทนสีแดง,201-500,น้อยกว่า 15,ผิวขาวเหลือง,ริมฝีปากอมชมพู,ไม่มี,สไตล์เกาหลี,มินิมอล,เพื่อไปเรียน,กลางวัน,มาก (มากว่า 2 ครั้ง),สีเดียว,2,ทาแบบเบลอขอบปาก
3/1/2021 22:24:23,ลิปเนื้อครีม,โทนสีแดง,น้อยกว่า 200,25 - 35,ผิวขาวเหลือง,ริมฝีปากสีคล้ำ,ไม่มี,สไตล์เกาหลี,อเมริกัน,เพื่อไปออกงานสำคัญ,กลางคืน,น้อย (ไม่เติมระหว่างวัน),ผสมสี,3,ทาแบบเต็มปาก
3/1/2021 22:24:58,ลิปเนื้อแมตต์,โทนสีส้ม,น้อยกว่า 200,น้อยกว่า 15,ผิวสองสี,ริมฝีปากสีคล้ำ,ไม่มี,สไตล์ธรรมชาติ,วินเทจ,เพื่อไปเรียน,กลางวัน,มาก (มากว่า 2 ครั้ง),ผสมสี,3,ทาแบบเบลอขอบปาก
3/1/2021 22:24:58,ลิปเนื้อแมตต์,โทนสีนู้ด,201-500,น้อยกว่า 15,ผิวสองสี,ริมฝีปากสีคล้ำ,ไม่มี,สไตล์ฝรั่ง,สตรีท,เพื่อไปเที่ยว,กลางวัน,ปานกลาง (1-2 ครั้ง),ผสมสี,3,ทาแบบเกินขอบปาก
3/1/2021 22:25:27,ลิควิดลิปสติก หรือ ลิปจิ้มจุ่ม,โทนสีชมพู,201-500,25 - 35,ผิวสองสี,ริมฝีปากซีด,มี,สไตล์ธรรมชาติ,วินเทจ,เพื่อไปเที่ยว,กลางวัน,น้อย (ไม่เติมระหว่างวัน),สีเดียว,4,ทาแบบเบลอขอบปาก
3/1/2021 22:25:41,ลิปกลอสและลิปทินส์,โทนสีแดง,น้อยกว่า 200,น้อยกว่า 15,ผิวขาวเหลือง,ริมฝีปากอมชมพู,ไม่มี,สไตล์ธรรมชาติ,มินิมอล,เพื่อไปเที่ยว,กลางวัน,น้อย (ไม่เติมระหว่างวัน),สีเดียว,3,ทาแบบเบลอขอบปาก
3/1/2021 22:26:28,ลิควิดลิปสติก หรือ ลิปจิ้มจุ่ม,โทนสีชมพู,น้อยกว่า 200,น้อยกว่า 15,ผิวแทน,ริมฝีปากสีคล้ำ,ไม่มี,สไตล์ธรรมชาติ,มินิมอล,เพื่อไปออกงานสำคัญ,กลางวัน,น้อย (ไม่เติมระหว่างวัน),สีเดียว,3,ทาแบบเบลอขอบปาก
3/1/2021 22:26:52,ลิปเนื้อแมตต์,โทนสีนู้ด,201-500,15 - 24,ผิวขาวเหลือง,ริมฝีปากอมชมพู,ไม่มี,สไตล์ฝรั่ง,เกาหลี,เพื่อไปเที่ยว,กลางวัน,น้อย (ไม่เติมระหว่างวัน),สีเดียว,3,ทาแบบเกินขอบปาก
3/1/2021 22:27:28,ลิปเนื้อแมตต์,โทนน้ำตาล,น้อยกว่า 200,น้อยกว่า 15,ผิวสองสี,ริมฝีปากอมชมพู,มี,สไตล์ธรรมชาติ,สตรีท,เพื่อไปออกงานสำคัญ,กลางวัน,น้อย (ไม่เติมระหว่างวัน),สีเดียว,3,ทาแบบเบลอขอบปาก
3/1/2021 22:28:47,ลิปมันและลิปบาล์ม,โทนสีนู้ด,น้อยกว่า 200,น้อยกว่า 15,ผิวสองสี,ริมฝีปากสีคล้ำ,มี,สไตล์ธรรมชาติ,มินิมอล,เพื่อไปเรียน,กลางวัน,ปานกลาง (1-2 ครั้ง),สีเดียว,4,ทาแบบเต็มปาก
3/1/2021 22:28:57,ลิปมันและลิปบาล์ม,โทนสีส้ม,น้อยกว่า 200,มากกว่า 35,ผิวขาวอมชมพู,ริมฝีปากซีด,มี,สไตล์ธรรมชาติ,วินเทจ,เพื่อไปทำงาน,กลางวัน,น้อย (ไม่เติมระหว่างวัน),สีเดียว,3,ทาแบบเต็มปาก
3/1/2021 22:30:56,ลิปกลอสและลิปทินส์,โทนสีแดง,201-500,น้อยกว่า 15,ผิวขาวเหลือง,ริมฝีปากอมชมพู,ไม่มี,สไตล์เกาหลี,เกาหลี,เพื่อไปเที่ยว,กลางวัน,ปานกลาง (1-2 ครั้ง),สีเดียว,2,ทาแบบเบลอขอบปาก
3/1/2021 22:31:26,ลิปเนื้อแมตต์,โทนสีส้ม,201-500,น้อยกว่า 15,ผิวสองสี,ริมฝีปากซีด,มี,สไตล์ธรรมชาติ,มินิมอล,เพื่อไปเที่ยว,กลางวัน,ปานกลาง (1-2 ครั้ง),ผสมสี,2,ทาแบบเบลอขอบปาก
3/1/2021 22:32:17,ลิควิดลิปสติก หรือ ลิปจิ้มจุ่ม,โทนสีนู้ด,201-500,น้อยกว่า 15,ผิวสองสี,ริมฝีปากอมชมพู,มี,สไตล์ธรรมชาติ,วินเทจ,เพื่อไปเที่ยว,กลางวัน,ปานกลาง (1-2 ครั้ง),ผสมสี,3,ทาแบบเต็มปาก
3/1/2021 22:33:30,ลิปเนื้อแมตต์,โทนสีชมพู,201-500,น้อยกว่า 15,ผิวสองสี,ริมฝีปากซีด,มี,สไตล์เกาหลี,เกาหลี,เพื่อไปเที่ยว,กลางวัน,ปานกลาง (1-2 ครั้ง),ผสมสี,2,ทาแบบเต็มปาก
3/1/2021 22:34:25,ลิควิดลิปสติก หรือ ลิปจิ้มจุ่ม,โทนสีส้ม,201-500,25 - 35,ผิวสองสี,ริมฝีปากสีคล้ำ,มี,สไตล์ธรรมชาติ,มินิมอล,เพื่อไปเที่ยว,กลางวัน,น้อย (ไม่เติมระหว่างวัน),สีเดียว,2,ทาแบบเบลอขอบปาก
3/1/2021 22:34:30,ลิปเนื้อแมตต์,โทนสีนู้ด,น้อยกว่า 200,น้อยกว่า 15,ผิวสองสี,ริมฝีปากอมชมพู,มี,สไตล์ธรรมชาติ,วินเทจ,เพื่อไปเที่ยว,กลางวัน,ปานกลาง (1-2 ครั้ง),ผสมสี,3,ทาแบบเบลอขอบปาก
3/1/2021 22:35:44,ลิควิดลิปสติก หรือ ลิปจิ้มจุ่ม,โทนสีแดง,น้อยกว่า 200,น้อยกว่า 15,ผิวสองสี,ริมฝีปากสีคล้ำ,มี,สไตล์เกาหลี,วินเทจ,เพื่อไปเที่ยว,กลางวัน,น้อย (ไม่เติมระหว่างวัน),ผสมสี,3,ทาแบบเบลอขอบปาก
3/1/2021 22:41:31,ลิปเนื้อแมตต์,โทนสีชมพู,น้อยกว่า 200,น้อยกว่า 15,ผิวขาวเหลือง,ริมฝีปากอมชมพู,ไม่มี,สไตล์ธรรมชาติ,มินิมอล,เพื่อไปเที่ยว,กลางวัน,ปานกลาง (1-2 ครั้ง),สีเดียว,2,ทาแบบเต็มปาก
3/1/2021 22:41:33,ลิปมันและลิปบาล์ม,โทนสีชมพู,501-800,น้อยกว่า 15,ผิวแทน,ริมฝีปากอมชมพู,ไม่มี,สไตล์ธรรมชาติ,วินเทจ,เพื่อไปเที่ยว,กลางวัน,น้อย (ไม่เติมระหว่างวัน),สีเดียว,3,ทาแบบเบลอขอบปาก
3/1/2021 22:43:11,ลิปมันและลิปบาล์ม,โทนสีส้ม,น้อยกว่า 200,น้อยกว่า 15,ผิวสองสี,ริมฝีปากสีคล้ำ,มี,สไตล์ธรรมชาติ,สตรีท,เพื่อไปออกงานสำคัญ,กลางวัน,น้อย (ไม่เติมระหว่างวัน),สีเดียว,1,ทาแบบเต็มปาก
3/1/2021 22:43:29,ลิปเนื้อแมตต์,โทนสีนู้ด,201-500,25 - 35,ผิวขาวเหลือง,ริมฝีปากสีคล้ำ,ไม่มี,สไตล์ฝรั่ง,วินเทจ,เพื่อไปเที่ยว,กลางวัน,น้อย (ไม่เติมระหว่างวัน),สีเดียว,2,ทาแบบเกินขอบปาก
3/1/2021 22:46:35,ลิปกลอสและลิปทินส์,โทนสีนู้ด,201-500,25 - 35,ผิวขาวอมชมพู,ริมฝีปากอมชมพู,มี,สไตล์ฝรั่ง,สตรีท,เพื่อไปทำงาน,กลางวัน,มาก (มากว่า 2 ครั้ง),ผสมสี,5,ทาแบบเบลอขอบปาก
3/1/2021 22:47:49,ลิควิดลิปสติก หรือ ลิปจิ้มจุ่ม,โทนสีส้ม,201-500,25 - 35,ผิวขาวอมชมพู,ริมฝีปากอมชมพู,มี,สไตล์ฝรั่ง,อเมริกัน,เพื่อไปออกงานสำคัญ,กลางวัน,น้อย (ไม่เติมระหว่างวัน),สีเดียว,2,ทาแบบเต็มปาก
3/1/2021 22:49:10,ลิปกลอสและลิปทินส์,โทนสีแดง,201-500,น้อยกว่า 15,ผิวแทน,ริมฝีปากสีคล้ำ,ไม่มี,สไตล์ธรรมชาติ,เกาหลี,เพื่อไปเรียน,กลางวัน,ปานกลาง (1-2 ครั้ง),สีเดียว,3,ทาแบบเบลอขอบปาก
3/1/2021 22:52:21,ลิปเนื้อแมตต์,โทนสีส้ม,มากกว่า 800,มากกว่า 35,ผิวสองสี,ริมฝีปากอมชมพู,ไม่มี,สไตล์ธรรมชาติ,วินเทจ,เพื่อไปทำงาน,กลางวัน,ปานกลาง (1-2 ครั้ง),ผสมสี,4,ทาแบบเต็มปาก
3/1/2021 22:59:16,ลิปมันและลิปบาล์ม,โทนสีส้ม,น้อยกว่า 200,มากกว่า 35,ผิวสองสี,ริมฝีปากซีด,มี,สไตล์ธรรมชาติ,อเมริกัน,เพื่อไปเที่ยว,กลางวัน,มาก (มากว่า 2 ครั้ง),ผสมสี,3,ทาแบบเกินขอบปาก
3/1/2021 23:02:34,ลิปเนื้อซาตินและเนื้อเชียร์,โทนสีแดง,201-500,25 - 35,ผิวขาวเหลือง,ริมฝีปากสีคล้ำ,มี,สไตล์ธรรมชาติ,สตรีท,เพื่อไปเที่ยว,กลางวัน,ปานกลาง (1-2 ครั้ง),สีเดียว,5,ทาแบบเต็มปาก
3/1/2021 23:04:06,ลิปเนื้อแมตต์,โทนสีส้ม,น้อยกว่า 200,15 - 24,ผิวสองสี,ริมฝีปากสีคล้ำ,มี,สไตล์ธรรมชาติ,มินิมอล,เพื่อไปเที่ยว,กลางวัน,ปานกลาง (1-2 ครั้ง),ผสมสี,3,ทาแบบเต็มปาก
3/1/2021 23:07:36,ลิปเนื้อครีม,โทนสีส้ม,น้อยกว่า 200,15 - 24,ผิวขาวอมชมพู,ริมฝีปากอมชมพู,มี,สไตล์เกาหลี,เกาหลี,เพื่อไปเที่ยว,กลางคืน,ปานกลาง (1-2 ครั้ง),สีเดียว,5,ทาแบบเบลอขอบปาก
3/1/2021 23:08:18,ลิปเนื้อซาตินและเนื้อเชียร์,โทนสีนู้ด,201-500,มากกว่า 35,ผิวขาวอมชมพู,ริมฝีปากอมชมพู,มี,สไตล์ธรรมชาติ,วินเทจ,เพื่อไปเรียน,กลางวัน,น้อย (ไม่เติมระหว่างวัน),สีเดียว,1,ทาแบบเบลอขอบปาก
3/1/2021 23:09:14,ลิปเนื้อซาตินและเนื้อเชียร์,โทนสีชมพู,201-500,25 - 35,ผิวขาวเหลือง,ริมฝีปากซีด,ไม่มี,สไตล์ฝรั่ง,มินิมอล,เพื่อไปทำงาน,กลางวัน,น้อย (ไม่เติมระหว่างวัน),ผสมสี,3,ทาแบบเบลอขอบปาก
3/1/2021 23:11:40,ลิควิดลิปสติก หรือ ลิปจิ้มจุ่ม,โทนสีส้ม,501-800,25 - 35,ผิวขาวอมชมพู,ริมฝีปากอมชมพู,ไม่มี,สไตล์เกาหลี,วินเทจ,เพื่อไปทำงาน,กลางวัน,ปานกลาง (1-2 ครั้ง),ผสมสี,5,ทาแบบเต็มปาก
3/1/2021 23:14:05,ลิควิดลิปสติก หรือ ลิปจิ้มจุ่ม,โทนสีส้ม,201-500,25 - 35,ผิวขาวเหลือง,ริมฝีปากสีคล้ำ,มี,สไตล์ญี่ปุ่น,วินเทจ,เพื่อไปทำงาน,กลางวัน,น้อย (ไม่เติมระหว่างวัน),ผสมสี,5,ทาแบบเต็มปาก
3/1/2021 23:14:57,ลิปกลอสและลิปทินส์,โทนสีนู้ด,501-800,15 - 24,ผิวแทน,ริมฝีปากซีด,มี,สไตล์ฝรั่ง,วินเทจ,เพื่อไปเรียน,กลางคืน,น้อย (ไม่เติมระหว่างวัน),สีเดียว,5,ทาแบบเต็มปาก
3/1/2021 23:19:53,ลิปเนื้อแมตต์,โทนสีชมพู,201-500,มากกว่า 35,ผิวสองสี,ริมฝีปากสีคล้ำ,มี,สไตล์ธรรมชาติ,มินิมอล,เพื่อไปทำงาน,กลางวัน,ปานกลาง (1-2 ครั้ง),ผสมสี,2,ทาแบบเต็มปาก
3/1/2021 23:21:14,ลิปกลอสและลิปทินส์,โทนสีส้ม,201-500,15 - 24,ผิวขาวเหลือง,ริมฝีปากซีด,มี,สไตล์ธรรมชาติ,สตรีท,เพื่อไปเที่ยว,กลางวัน,มาก (มากว่า 2 ครั้ง),ผสมสี,3,ทาแบบเบลอขอบปาก
3/1/2021 23:24:32,ลิปเนื้อซาตินและเนื้อเชียร์,โทนสีนู้ด,201-500,25 - 35,ผิวแทน,ริมฝีปากสีคล้ำ,ไม่มี,สไตล์ธรรมชาติ,มินิมอล,เพื่อไปทำงาน,กลางวัน,ปานกลาง (1-2 ครั้ง),สีเดียว,1,ทาแบบเต็มปาก
3/1/2021 23:24:48,ลิปกลอสและลิปทินส์,โทนสีแดง,201-500,15 - 24,ผิวขาวเหลือง,ริมฝีปากอมชมพู,ไม่มี,สไตล์ธรรมชาติ,เกาหลี,เพื่อไปเที่ยว,กลางวัน,ปานกลาง (1-2 ครั้ง),ผสมสี,4,ทาแบบเบลอขอบปาก
3/1/2021 23:25:16,ลิปเนื้อซาตินและเนื้อเชียร์,โทนสีชมพู,201-500,15 - 24,ผิวขาวเหลือง,ริมฝีปากซีด,มี,สไตล์ธรรมชาติ,มินิมอล,เพื่อไปเที่ยว,กลางวัน,มาก (มากว่า 2 ครั้ง),สีเดียว,3,ทาแบบเต็มปาก
3/1/2021 23:36:37,ลิควิดลิปสติก หรือ ลิปจิ้มจุ่ม,โทนน้ำตาล,น้อยกว่า 200,มากกว่า 35,ผิวคล้ำ,ริมฝีปากสีคล้ำ,ไม่มี,สไตล์ฝรั่ง,วินเทจ,เพื่อไปทำงาน,กลางวัน,น้อย (ไม่เติมระหว่างวัน),ผสมสี,1,ทาแบบเต็มปาก
3/1/2021 23:49:56,ลิปมันและลิปบาล์ม,โทนสีชมพู,น้อยกว่า 200,น้อยกว่า 15,ผิวขาวเหลือง,ริมฝีปากอมชมพู,มี,สไตล์ธรรมชาติ,วินเทจ,เพื่อไปเรียน,กลางวัน,มาก (มากว่า 2 ครั้ง),สีเดียว,3,ทาแบบเต็มปาก
3/1/2021 23:50:03,ลิปมันและลิปบาล์ม,โทนสีชมพู,น้อยกว่า 200,น้อยกว่า 15,ผิวขาวเหลือง,ริมฝีปากอมชมพู,มี,สไตล์ธรรมชาติ,วินเทจ,เพื่อไปเรียน,กลางวัน,มาก (มากว่า 2 ครั้ง),สีเดียว,3,ทาแบบเต็มปาก
3/1/2021 23:58:39,ลิปเนื้อซาตินและเนื้อเชียร์,โทนสีแดง,201-500,25 - 35,ผิวขาวเหลือง,ริมฝีปากอมชมพู,มี,สไตล์ธรรมชาติ,มินิมอล,เพื่อไปเที่ยว,กลางวัน,มาก (มากว่า 2 ครั้ง),ผสมสี,2,ทาแบบเบลอขอบปาก
3/2/2021 0:42:32,ลิปเนื้อแมตต์,โทนสีนู้ด,201-500,15 - 24,ผิวขาวอมชมพู,ริมฝีปากอมชมพู,มี,สไตล์ฝรั่ง,สตรีท,เพื่อไปออกงานสำคัญ,กลางวัน,น้อย (ไม่เติมระหว่างวัน),ผสมสี,1,ทาแบบเบลอขอบปาก
3/2/2021 1:54:15,ลิปเนื้อแมตต์,โทนสีนู้ด,น้อยกว่า 200,25 - 35,ผิวแทน,ริมฝีปากสีคล้ำ,ไม่มี,สไตล์ธรรมชาติ,มินิมอล,เพื่อไปทำงาน,กลางวัน,น้อย (ไม่เติมระหว่างวัน),สีเดียว,3,ทาแบบเต็มปาก
3/2/2021 4:16:31,ลิปเนื้อแมตต์,โทนสีแดง,201-500,25 - 35,ผิวสองสี,ริมฝีปากซีด,ไม่มี,สไตล์ธรรมชาติ,มินิมอล,เพื่อไปเที่ยว,กลางวัน,ปานกลาง (1-2 ครั้ง),ผสมสี,2,ทาแบบเต็มปาก
3/2/2021 5:15:14,ลิปมันและลิปบาล์ม,โทนสีส้ม,201-500,25 - 35,ผิวขาวเหลือง,ริมฝีปากอมชมพู,ไม่มี,สไตล์ธรรมชาติ,วินเทจ,เพื่อไปทำงาน,กลางวัน,น้อย (ไม่เติมระหว่างวัน),สีเดียว,3,ทาแบบเต็มปาก
3/2/2021 5:18:36,ลิปมันและลิปบาล์ม,โทนสีชมพู,น้อยกว่า 200,น้อยกว่า 15,ผิวขาวอมชมพู,ริมฝีปากอมชมพู,มี,สไตล์ธรรมชาติ,มินิมอล,เพื่อไปเรียน,กลางวัน,ปานกลาง (1-2 ครั้ง),ผสมสี,3,ทาแบบเต็มปาก
3/2/2021 5:20:06,ลิปมันและลิปบาล์ม,โทนสีชมพู,น้อยกว่า 200,มากกว่า 35,ผิวสองสี,ริมฝีปากซีด,มี,สไตล์ธรรมชาติ,วินเทจ,เพื่อไปเที่ยว,กลางวัน,ปานกลาง (1-2 ครั้ง),สีเดียว,3,ทาแบบเบลอขอบปาก
3/2/2021 5:44:32,ลิปมันและลิปบาล์ม,โทนสีชมพู,น้อยกว่า 200,25 - 35,ผิวขาวเหลือง,ริมฝีปากซีด,มี,สไตล์ธรรมชาติ,เกาหลี,เพื่อไปเที่ยว,กลางวัน,มาก (มากว่า 2 ครั้ง),สีเดียว,4,ทาแบบเต็มปาก
3/2/2021 6:13:41,ลิปกลอสและลิปทินส์,โทนสีนู้ด,น้อยกว่า 200,25 - 35,ผิวสองสี,ริมฝีปากสีคล้ำ,ไม่มี,สไตล์ธรรมชาติ,มินิมอล,เพื่อไปออกงานสำคัญ,กลางวัน,น้อย (ไม่เติมระหว่างวัน),สีเดียว,3,ทาแบบเต็มปาก
3/2/2021 6:21:52,ลิปมันและลิปบาล์ม,โทนสีแดง,201-500,น้อยกว่า 15,ผิวขาวเหลือง,ริมฝีปากสีคล้ำ,มี,สไตล์ธรรมชาติ,สตรีท,เพื่อไปเที่ยว,กลางวัน,น้อย (ไม่เติมระหว่างวัน),สีเดียว,2,ทาแบบเบลอขอบปาก
3/2/2021 6:55:24,ลิปมันและลิปบาล์ม,โทนสีชมพู,น้อยกว่า 200,25 - 35,ผิวคล้ำ,ริมฝีปากสีคล้ำ,ไม่มี,สไตล์ธรรมชาติ,มินิมอล,เพื่อไปเที่ยว,กลางวัน,น้อย (ไม่เติมระหว่างวัน),สีเดียว,1,ทาแบบเต็มปาก
3/2/2021 7:21:45,ลิปเนื้อแมตต์,โทนสีแดง,201-500,15 - 24,ผิวสองสี,ริมฝีปากซีด,ไม่มี,สไตล์ธรรมชาติ,สตรีท,เพื่อไปเที่ยว,กลางวัน,ปานกลาง (1-2 ครั้ง),สีเดียว,2,ทาแบบเต็มปาก
3/2/2021 7:34:18,ลิปมันและลิปบาล์ม,โทนสีชมพู,201-500,น้อยกว่า 15,ผิวแทน,ริมฝีปากสีคล้ำ,มี,สไตล์ธรรมชาติ,สตรีท,เพื่อไปทำงาน,กลางวัน,ปานกลาง (1-2 ครั้ง),สีเดียว,3,ทาแบบเบลอขอบปาก
3/2/2021 7:54:55,ลิปมันและลิปบาล์ม,โทนสีชมพู,น้อยกว่า 200,น้อยกว่า 15,ผิวสองสี,ริมฝีปากซีด,ไม่มี,สไตล์ธรรมชาติ,เกาหลี,เพื่อไปเรียน,กลางวัน,น้อย (ไม่เติมระหว่างวัน),สีเดียว,3,ทาแบบเกินขอบปาก
3/2/2021 7:59:03,ลิปเนื้อแมตต์,โทนสีนู้ด,201-500,น้อยกว่า 15,ผิวขาวเหลือง,ริมฝีปากสีคล้ำ,มี,สไตล์ธรรมชาติ,มินิมอล,เพื่อไปเที่ยว,กลางวัน,ปานกลาง (1-2 ครั้ง),สีเดียว,3,ทาแบบเต็มปาก
3/2/2021 7:59:47,ลิปกลอสและลิปทินส์,โทนสีส้ม,น้อยกว่า 200,น้อยกว่า 15,ผิวขาวเหลือง,ริมฝีปากสีคล้ำ,ไม่มี,สไตล์เกาหลี,เกาหลี,เพื่อไปเที่ยว,กลางวัน,ปานกลาง (1-2 ครั้ง),ผสมสี,2,ทาแบบเบลอขอบปาก
3/2/2021 8:00:22,ลิควิดลิปสติก หรือ ลิปจิ้มจุ่ม,โทนสีนู้ด,201-500,มากกว่า 35,ผิวสองสี,ริมฝีปากสีคล้ำ,มี,สไตล์ธรรมชาติ,มินิมอล,เพื่อไปทำงาน,กลางวัน,ปานกลาง (1-2 ครั้ง),สีเดียว,2,ทาแบบเต็มปาก
3/2/2021 8:36:27,ลิควิดลิปสติก หรือ ลิปจิ้มจุ่ม,โทนน้ำตาล,201-500,น้อยกว่า 15,ผิวแทน,ริมฝีปากสีคล้ำ,ไม่มี,สไตล์ฝรั่ง,สตรีท,เพื่อไปเที่ยว,กลางวัน,มาก (มากว่า 2 ครั้ง),ผสมสี,1,ทาแบบเบลอขอบปาก
3/2/2021 8:46:04,ลิปเนื้อซาตินและเนื้อเชียร์,โทนสีแดง,201-500,25 - 35,ผิวแทน,ริมฝีปากซีด,มี,สไตล์เกาหลี,เกาหลี,เพื่อไปออกงานสำคัญ,กลางวัน,ปานกลาง (1-2 ครั้ง),สีเดียว,3,ทาแบบเต็มปาก
3/2/2021 9:02:14,ลิควิดลิปสติก หรือ ลิปจิ้มจุ่ม,โทนสีนู้ด,น้อยกว่า 200,น้อยกว่า 15,ผิวขาวเหลือง,ริมฝีปากอมชมพู,ไม่มี,สไตล์ฝรั่ง,มินิมอล,เพื่อไปเที่ยว,กลางวัน,ปานกลาง (1-2 ครั้ง),สีเดียว,3,ทาแบบเบลอขอบปาก
3/2/2021 9:38:47,ลิควิดลิปสติก หรือ ลิปจิ้มจุ่ม,โทนสีชมพู,มากกว่า 800,25 - 35,ผิวสองสี,ริมฝีปากสีคล้ำ,มี,สไตล์ธรรมชาติ,มินิมอล,เพื่อไปทำงาน,กลางวัน,ปานกลาง (1-2 ครั้ง),ผสมสี,2,ทาแบบเต็มปาก
3/2/2021 9:45:45,ลิปเนื้อแมตต์,โทนสีนู้ด,201-500,25 - 35,ผิวสองสี,ริมฝีปากซีด,มี,สไตล์ธรรมชาติ,วินเทจ,เพื่อไปทำงาน,กลางวัน,น้อย (ไม่เติมระหว่างวัน),ผสมสี,2,ทาแบบเต็มปาก
3/2/2021 9:58:26,ลิปเนื้อแมตต์,โทนสีแดง,มากกว่า 800,น้อยกว่า 15,ผิวขาวเหลือง,ริมฝีปากอมชมพู,ไม่มี,สไตล์ธรรมชาติ,วินเทจ,เพื่อไปเที่ยว,กลางคืน,ปานกลาง (1-2 ครั้ง),ผสมสี,3,ทาแบบเบลอขอบปาก
3/2/2021 11:27:16,ลิควิดลิปสติก หรือ ลิปจิ้มจุ่ม,โทนสีนู้ด,น้อยกว่า 200,น้อยกว่า 15,ผิวขาวเหลือง,ริมฝีปากอมชมพู,มี,สไตล์ธรรมชาติ,เกาหลี,เพื่อไปเที่ยว,กลางวัน,มาก (มากว่า 2 ครั้ง),ผสมสี,3,ทาแบบเบลอขอบปาก
3/2/2021 11:54:11,ลิปกลอสและลิปทินส์,โทนสีชมพู,201-500,25 - 35,ผิวแทน,ริมฝีปากอมชมพู,มี,สไตล์ธรรมชาติ,วินเทจ,เพื่อไปเที่ยว,กลางวัน,มาก (มากว่า 2 ครั้ง),สีเดียว,3,ทาแบบเต็มปาก
3/2/2021 11:55:42,ลิปมันและลิปบาล์ม,โทนสีนู้ด,201-500,มากกว่า 35,ผิวขาวเหลือง,ริมฝีปากซีด,ไม่มี,สไตล์ธรรมชาติ,มินิมอล,เพื่อไปเที่ยว,กลางวัน,น้อย (ไม่เติมระหว่างวัน),สีเดียว,3,ทาแบบเต็มปาก
3/2/2021 11:58:48,ลิปมันและลิปบาล์ม,โทนสีนู้ด,201-500,25 - 35,ผิวขาวเหลือง,ริมฝีปากอมชมพู,มี,สไตล์ธรรมชาติ,สตรีท,เพื่อไปเที่ยว,กลางวัน,ปานกลาง (1-2 ครั้ง),สีเดียว,3,ทาแบบเบลอขอบปาก
3/2/2021 12:01:41,ลิปเนื้อซาตินและเนื้อเชียร์,โทนน้ำตาล,น้อยกว่า 200,15 - 24,ผิวสองสี,ริมฝีปากสีคล้ำ,ไม่มี,สไตล์ธรรมชาติ,สตรีท,เพื่อไปออกงานสำคัญ,กลางวัน,น้อย (ไม่เติมระหว่างวัน),สีเดียว,3,ทาแบบเบลอขอบปาก
3/2/2021 12:03:24,ลิปเนื้อแมตต์,โทนสีส้ม,201-500,25 - 35,ผิวสองสี,ริมฝีปากอมชมพู,มี,สไตล์ธรรมชาติ,วินเทจ,เพื่อไปเที่ยว,กลางวัน,ปานกลาง (1-2 ครั้ง),ผสมสี,1,ทาแบบเต็มปาก
3/2/2021 12:03:36,ลิควิดลิปสติก หรือ ลิปจิ้มจุ่ม,โทนสีนู้ด,201-500,25 - 35,ผิวสองสี,ริมฝีปากสีคล้ำ,มี,สไตล์ธรรมชาติ,สตรีท,เพื่อไปเที่ยว,กลางวัน,น้อย (ไม่เติมระหว่างวัน),ผสมสี,2,ทาแบบเต็มปาก
3/2/2021 12:15:14,ลิปเนื้อแมตต์,โทนสีนู้ด,501-800,25 - 35,ผิวขาวเหลือง,ริมฝีปากสีคล้ำ,ไม่มี,สไตล์ฝรั่ง,อเมริกัน,เพื่อไปออกงานสำคัญ,กลางคืน,ปานกลาง (1-2 ครั้ง),สีเดียว,3,ทาแบบเบลอขอบปาก
3/2/2021 12:19:05,ลิปมันและลิปบาล์ม,โทนน้ำตาล,201-500,25 - 35,ผิวแทน,ริมฝีปากสีคล้ำ,ไม่มี,สไตล์ฝรั่ง,สตรีท,เพื่อไปทำงาน,กลางวัน,มาก (มากว่า 2 ครั้ง),ผสมสี,3,ทาแบบเต็มปาก
3/2/2021 12:24:22,ลิควิดลิปสติก หรือ ลิปจิ้มจุ่ม,โทนสีนู้ด,201-500,น้อยกว่า 15,ผิวสองสี,ริมฝีปากสีคล้ำ,มี,สไตล์ธรรมชาติ,วินเทจ,เพื่อไปออกงานสำคัญ,กลางวัน,น้อย (ไม่เติมระหว่างวัน),สีเดียว,3,ทาแบบเต็มปาก
3/2/2021 12:54:36,ลิปมันและลิปบาล์ม,โทนสีนู้ด,น้อยกว่า 200,25 - 35,ผิวสองสี,ริมฝีปากสีคล้ำ,มี,สไตล์ธรรมชาติ,มินิมอล,เพื่อไปทำงาน,กลางวัน,น้อย (ไม่เติมระหว่างวัน),สีเดียว,3,ทาแบบเต็มปาก
3/2/2021 13:17:00,ลิควิดลิปสติก หรือ ลิปจิ้มจุ่ม,โทนน้ำตาล,201-500,25 - 35,ผิวขาวเหลือง,ริมฝีปากซีด,ไม่มี,สไตล์ฝรั่ง,สตรีท,เพื่อไปทำงาน,กลางวัน,น้อย (ไม่เติมระหว่างวัน),สีเดียว,2,ทาแบบเต็มปาก
3/2/2021 13:24:44,ลิควิดลิปสติก หรือ ลิปจิ้มจุ่ม,โทนสีชมพู,201-500,25 - 35,ผิวขาวเหลือง,ริมฝีปากซีด,มี,สไตล์เกาหลี,มินิมอล,เพื่อไปทำงาน,กลางวัน,ปานกลาง (1-2 ครั้ง),สีเดียว,3,ทาแบบเต็มปาก
3/2/2021 13:27:38,ลิควิดลิปสติก หรือ ลิปจิ้มจุ่ม,โทนสีส้ม,201-500,25 - 35,ผิวสองสี,ริมฝีปากซีด,มี,สไตล์ฝรั่ง,สตรีท,เพื่อไปเที่ยว,กลางวัน,น้อย (ไม่เติมระหว่างวัน),ผสมสี,2,ทาแบบเต็มปาก
3/2/2021 15:52:55,ลิปเนื้อแมตต์,โทนสีนู้ด,201-500,น้อยกว่า 15,ผิวสองสี,ริมฝีปากสีคล้ำ,ไม่มี,สไตล์เกาหลี,มินิมอล,เพื่อไปเที่ยว,กลางวัน,ปานกลาง (1-2 ครั้ง),สีเดียว,2,ทาแบบเบลอขอบปาก
3/2/2021 15:54:57,ลิควิดลิปสติก หรือ ลิปจิ้มจุ่ม,โทนสีแดง,น้อยกว่า 200,15 - 24,ผิวขาวเหลือง,ริมฝีปากซีด,มี,สไตล์ธรรมชาติ,มินิมอล,เพื่อไปเที่ยว,กลางวัน,ปานกลาง (1-2 ครั้ง),สีเดียว,3,ทาแบบเบลอขอบปาก
3/2/2021 16:39:34,ลิควิดลิปสติก หรือ ลิปจิ้มจุ่ม,โทนสีส้ม,น้อยกว่า 200,น้อยกว่า 15,ผิวสองสี,ริมฝีปากสีคล้ำ,มี,สไตล์ธรรมชาติ,วินเทจ,เพื่อไปออกงานสำคัญ,กลางวัน,น้อย (ไม่เติมระหว่างวัน),ผสมสี,3,ทาแบบเบลอขอบปาก
3/2/2021 17:06:57,ลิควิดลิปสติก หรือ ลิปจิ้มจุ่ม,โทนสีชมพู,201-500,15 - 24,ผิวขาวเหลือง,ริมฝีปากอมชมพู,มี,สไตล์ธรรมชาติ,สตรีท,เพื่อไปเที่ยว,กลางวัน,ปานกลาง (1-2 ครั้ง),สีเดียว,3,ทาแบบเบลอขอบปาก
3/2/2021 18:11:19,ลิปเนื้อแมตต์,โทนน้ำตาล,น้อยกว่า 200,น้อยกว่า 15,ผิวแทน,ริมฝีปากสีคล้ำ,มี,สไตล์ธรรมชาติ,มินิมอล,เพื่อไปออกงานสำคัญ,กลางวัน,ปานกลาง (1-2 ครั้ง),ผสมสี,2,ทาแบบเบลอขอบปาก
3/2/2021 18:34:28,ลิปเนื้อแมตต์,โทนสีส้ม,201-500,25 - 35,ผิวสองสี,ริมฝีปากสีคล้ำ,ไม่มี,สไตล์ธรรมชาติ,มินิมอล,เพื่อไปออกงานสำคัญ,กลางวัน,ปานกลาง (1-2 ครั้ง),ผสมสี,2,ทาแบบเบลอขอบปาก
3/2/2021 19:31:46,ลิปกลอสและลิปทินส์,โทนสีนู้ด,501-800,น้อยกว่า 15,ผิวขาวเหลือง,ริมฝีปากอมชมพู,มี,สไตล์ธรรมชาติ,มินิมอล,เพื่อไปออกงานสำคัญ,กลางวัน,ปานกลาง (1-2 ครั้ง),สีเดียว,3,ทาแบบเต็มปาก
3/2/2021 20:28:55,ลิปมันและลิปบาล์ม,โทนสีส้ม,น้อยกว่า 200,น้อยกว่า 15,ผิวสองสี,ริมฝีปากอมชมพู,มี,สไตล์ธรรมชาติ,มินิมอล,เพื่อไปเรียน,กลางวัน,น้อย (ไม่เติมระหว่างวัน),สีเดียว,3,ทาแบบเต็มปาก
3/2/2021 21:25:18,ลิปเนื้อซาตินและเนื้อเชียร์,โทนสีส้ม,น้อยกว่า 200,25 - 35,ผิวขาวเหลือง,ริมฝีปากสีคล้ำ,มี,สไตล์ฝรั่ง,มินิมอล,เพื่อไปเที่ยว,กลางวัน,น้อย (ไม่เติมระหว่างวัน),ผสมสี,3,ทาแบบเบลอขอบปาก
3/2/2021 22:02:09,ลิปเนื้อแมตต์,โทนสีส้ม,น้อยกว่า 200,15 - 24,ผิวสองสี,ริมฝีปากสีคล้ำ,มี,สไตล์ธรรมชาติ,มินิมอล,เพื่อไปเที่ยว,กลางวัน,มาก (มากว่า 2 ครั้ง),ผสมสี,3,ทาแบบเต็มปาก
3/2/2021 22:02:47,ลิปเนื้อแมตต์,โทนสีส้ม,น้อยกว่า 200,15 - 24,ผิวสองสี,ริมฝีปากสีคล้ำ,มี,สไตล์ธรรมชาติ,มินิมอล,เพื่อไปเรียน,กลางวัน,มาก (มากว่า 2 ครั้ง),ผสมสี,3,ทาแบบเต็มปาก
3/2/2021 22:03:30,ลิปมันและลิปบาล์ม,โทนสีส้ม,201-500,15 - 24,ผิวสองสี,ริมฝีปากสีคล้ำ,มี,สไตล์ธรรมชาติ,มินิมอล,เพื่อไปเที่ยว,กลางวัน,ปานกลาง (1-2 ครั้ง),ผสมสี,3,ทาแบบเต็มปาก
3/3/2021 10:43:20,ลิปเนื้อแมตต์,โทนสีแดง,201-500,มากกว่า 35,ผิวสองสี,ริมฝีปากสีคล้ำ,ไม่มี,สไตล์ธรรมชาติ,มินิมอล,เพื่อไปเที่ยว,กลางวัน,ปานกลาง (1-2 ครั้ง),สีเดียว,2,ทาแบบเต็มปาก
3/3/2021 19:26:02,ลิควิดลิปสติก หรือ ลิปจิ้มจุ่ม,โทนสีนู้ด,501-800,น้อยกว่า 15,ผิวสองสี,ริมฝีปากสีคล้ำ,ไม่มี,สไตล์ธรรมชาติ,มินิมอล,เพื่อไปเที่ยว,กลางวัน,น้อย (ไม่เติมระหว่างวัน),สีเดียว,3,ทาแบบเบลอขอบปาก
3/4/2021 17:51:10,ลิปมันและลิปบาล์ม,โทนสีส้ม,น้อยกว่า 200,15 - 24,ผิวขาวเหลือง,ริมฝีปากซีด,มี,สไตล์ญี่ปุ่น,เกาหลี,เพื่อไปเรียน,กลางวัน,ปานกลาง (1-2 ครั้ง),สีเดียว,3,ทาแบบเบลอขอบปาก
3/8/2021 15:20:43,ลิปกลอสและลิปทินส์,โทนสีชมพู,201-500,15 - 24,ผิวสองสี,ริมฝีปากสีคล้ำ,มี,สไตล์ธรรมชาติ,มินิมอล,เพื่อไปเที่ยว,กลางวัน,ปานกลาง (1-2 ครั้ง),ผสมสี,3,ทาแบบเบลอขอบปาก
3/11/2021 23:36:21,ลิควิดลิปสติก หรือ ลิปจิ้มจุ่ม,โทนสีนู้ด,น้อยกว่า 200,น้อยกว่า 15,ผิวขาวเหลือง,ริมฝีปากสีคล้ำ,ไม่มี,สไตล์ธรรมชาติ,วินเทจ,เพื่อไปเรียน,กลางวัน,ปานกลาง (1-2 ครั้ง),ผสมสี,2,ทาแบบเบลอขอบปาก
3/12/2021 16:27:45,ลิปมันและลิปบาล์ม,โทนสีส้ม,น้อยกว่า 200,15 - 24,ผิวขาวอมชมพู,ริมฝีปากอมชมพู,มี,สไตล์ธรรมชาติ,วินเทจ,เพื่อไปออกกำลังกาย,กลางวัน,น้อย (ไม่เติมระหว่างวัน),ผสมสี,5,ทาแบบเบลอขอบปาก
3/12/2021 16:29:12,ลิปเนื้อแมตต์,โทนสีส้ม,201-500,15 - 24,ผิวสองสี,ริมฝีปากสีคล้ำ,มี,สไตล์เกาหลี,มินิมอล,เพื่อไปเที่ยว,กลางวัน,ปานกลาง (1-2 ครั้ง),สีเดียว,3,ทาแบบเต็มปาก
3/12/2021 16:38:41,ลิควิดลิปสติก หรือ ลิปจิ้มจุ่ม,โทนสีชมพู,น้อยกว่า 200,15 - 24,ผิวขาวเหลือง,ริมฝีปากซีด,มี,สไตล์ธรรมชาติ,เกาหลี,เพื่อไปเที่ยว,กลางวัน,ปานกลาง (1-2 ครั้ง),สีเดียว,4,ทาแบบเต็มปาก
3/12/2021 16:45:50,ลิควิดลิปสติก หรือ ลิปจิ้มจุ่ม,โทนสีชมพู,น้อยกว่า 200,15 - 24,ผิวขาวอมชมพู,ริมฝีปากสีคล้ำ,มี,สไตล์ธรรมชาติ,มินิมอล,เพื่อไปเรียน,กลางวัน,ปานกลาง (1-2 ครั้ง),สีเดียว,3,ทาแบบเบลอขอบปาก
3/12/2021 17:09:06,ลิปเนื้อแมตต์,โทนสีส้ม,201-500,25 - 35,ผิวขาวเหลือง,ริมฝีปากสีคล้ำ,มี,สไตล์ธรรมชาติ,เกาหลี,เพื่อไปทำงาน,กลางวัน,ปานกลาง (1-2 ครั้ง),สีเดียว,1,ทาแบบเบลอขอบปาก
3/12/2021 17:22:37,ลิปมันและลิปบาล์ม,โทนสีแดง,น้อยกว่า 200,15 - 24,ผิวสองสี,ริมฝีปากซีด,ไม่มี,สไตล์ธรรมชาติ,เกาหลี,เพื่อไปทำงาน,กลางวัน,น้อย (ไม่เติมระหว่างวัน),สีเดียว,3,ทาแบบเต็มปาก
3/12/2021 17:22:55,ลิควิดลิปสติก หรือ ลิปจิ้มจุ่ม,โทนสีชมพู,201-500,15 - 24,ผิวขาวเหลือง,ริมฝีปากซีด,มี,สไตล์ธรรมชาติ,มินิมอล,เพื่อไปเรียน,กลางวัน,ปานกลาง (1-2 ครั้ง),ผสมสี,1,ทาแบบเบลอขอบปาก
3/12/2021 17:34:38,ลิควิดลิปสติก หรือ ลิปจิ้มจุ่ม,โทนน้ำตาล,201-500,15 - 24,ผิวสองสี,ริมฝีปากอมชมพู,มี,สไตล์ธรรมชาติ,มินิมอล,เพื่อไปเรียน,กลางวัน,ปานกลาง (1-2 ครั้ง),สีเดียว,2,ทาแบบเต็มปาก
3/12/2021 18:00:17,ลิปเนื้อแมตต์,โทนสีชมพู,501-800,15 - 24,ผิวขาวอมชมพู,ริมฝีปากซีด,ไม่มี,สไตล์ญี่ปุ่น,วินเทจ,เพื่อไปออกกำลังกาย,กลางวัน,ปานกลาง (1-2 ครั้ง),สีเดียว,4,ทาแบบเกินขอบปาก
3/12/2021 18:01:28,ลิปมันและลิปบาล์ม,โทนสีชมพู,มากกว่า 800,15 - 24,ผิวสองสี,ริมฝีปากอมชมพู,มี,สไตล์ธรรมชาติ,มินิมอล,เพื่อไปเที่ยว,กลางวัน,มาก (มากว่า 2 ครั้ง),สีเดียว,3,ทาแบบเต็มปาก
3/12/2021 18:04:33,ลิปเนื้อซาตินและเนื้อเชียร์,โทนสีชมพู,201-500,15 - 24,ผิวขาวเหลือง,ริมฝีปากซีด,มี,สไตล์เกาหลี,เกาหลี,เพื่อไปเที่ยว,กลางวัน,ปานกลาง (1-2 ครั้ง),ผสมสี,3,ทาแบบเบลอขอบปาก
3/12/2021 18:12:34,ลิควิดลิปสติก หรือ ลิปจิ้มจุ่ม,โทนสีส้ม,น้อยกว่า 200,15 - 24,ผิวขาวเหลือง,ริมฝีปากสีคล้ำ,ไม่มี,สไตล์ฝรั่ง,อเมริกัน,เพื่อไปเที่ยว,กลางวัน,น้อย (ไม่เติมระหว่างวัน),ผสมสี,2,ทาแบบเบลอขอบปาก
3/12/2021 18:22:10,ลิควิดลิปสติก หรือ ลิปจิ้มจุ่ม,โทนสีนู้ด,น้อยกว่า 200,15 - 24,ผิวขาวเหลือง,ริมฝีปากซีด,มี,สไตล์ธรรมชาติ,สตรีท,เพื่อไปเรียน,กลางวัน,ปานกลาง (1-2 ครั้ง),สีเดียว,4,ทาแบบเต็มปาก
3/12/2021 18:29:45,ลิควิดลิปสติก หรือ ลิปจิ้มจุ่ม,โทนสีชมพู,น้อยกว่า 200,15 - 24,ผิวสองสี,ริมฝีปากสีคล้ำ,มี,สไตล์ธรรมชาติ,มินิมอล,เพื่อไปเรียน,กลางวัน,ปานกลาง (1-2 ครั้ง),ผสมสี,3,ทาแบบเบลอขอบปาก
3/12/2021 18:37:50,ลิปกลอสและลิปทินส์,โทนสีส้ม,น้อยกว่า 200,15 - 24,ผิวขาวเหลือง,ริมฝีปากซีด,มี,สไตล์ธรรมชาติ,สตรีท,เพื่อไปเที่ยว,กลางวัน,มาก (มากว่า 2 ครั้ง),สีเดียว,3,ทาแบบเบลอขอบปาก
3/12/2021 18:49:01,ลิปเนื้อครีม,โทนสีชมพู,น้อยกว่า 200,15 - 24,ผิวสองสี,ริมฝีปากสีคล้ำ,มี,สไตล์ธรรมชาติ,มินิมอล,เพื่อไปทำงาน,กลางวัน,ปานกลาง (1-2 ครั้ง),ผสมสี,4,ทาแบบเบลอขอบปาก
3/12/2021 19:22:13,ลิควิดลิปสติก หรือ ลิปจิ้มจุ่ม,โทนสีชมพู,201-500,15 - 24,ผิวสองสี,ริมฝีปากอมชมพู,ไม่มี,สไตล์ธรรมชาติ,มินิมอล,เพื่อไปเรียน,กลางวัน,ปานกลาง (1-2 ครั้ง),สีเดียว,3,ทาแบบเบลอขอบปาก
3/12/2021 20:06:57,ลิปเนื้อแมตต์,โทนน้ำตาล,มากกว่า 800,15 - 24,ผิวแทน,ริมฝีปากสีคล้ำ,ไม่มี,สไตล์ฝรั่ง,สตรีท,เพื่อไปเที่ยว,กลางวัน,ปานกลาง (1-2 ครั้ง),สีเดียว,3,ทาแบบเต็มปาก
3/12/2021 20:16:53,ลิปเนื้อแมตต์,โทนสีส้ม,น้อยกว่า 200,15 - 24,ผิวขาวเหลือง,ริมฝีปากอมชมพู,มี,สไตล์ธรรมชาติ,มินิมอล,เพื่อไปเรียน,กลางวัน,ปานกลาง (1-2 ครั้ง),สีเดียว,5,ทาแบบเต็มปาก
3/12/2021 21:17:53,ลิปเนื้อแมตต์,โทนสีแดง,น้อยกว่า 200,15 - 24,ผิวขาวเหลือง,ริมฝีปากสีคล้ำ,มี,สไตล์ธรรมชาติ,มินิมอล,เพื่อไปเรียน,กลางวัน,มาก (มากว่า 2 ครั้ง),สีเดียว,2,ทาแบบเต็มปาก
3/12/2021 21:51:20,ลิปเนื้อแมตต์,โทนสีแดง,201-500,15 - 24,ผิวสองสี,ริมฝีปากซีด,มี,สไตล์เกาหลี,เกาหลี,เพื่อไปทำงาน,กลางวัน,ปานกลาง (1-2 ครั้ง),สีเดียว,4,ทาแบบเต็มปาก
3/12/2021 21:54:15,ลิปเนื้อครีม,โทนสีแดง,201-500,25 - 35,ผิวขาวอมชมพู,ริมฝีปากอมชมพู,ไม่มี,สไตล์เกาหลี,เกาหลี,เพื่อไปเรียน,กลางวัน,น้อย (ไม่เติมระหว่างวัน),สีเดียว,2,ทาแบบเบลอขอบปาก
3/12/2021 22:05:56,ลิควิดลิปสติก หรือ ลิปจิ้มจุ่ม,โทนสีส้ม,น้อยกว่า 200,15 - 24,ผิวขาวเหลือง,ริมฝีปากอมชมพู,ไม่มี,สไตล์เกาหลี,มินิมอล,เพื่อไปออกงานสำคัญ,กลางวัน,น้อย (ไม่เติมระหว่างวัน),สีเดียว,3,ทาแบบเบลอขอบปาก
3/12/2021 22:47:34,ลิปเนื้อครีม,โทนสีแดง,201-500,15 - 24,ผิวคล้ำ,ริมฝีปากสีคล้ำ,มี,สไตล์ธรรมชาติ,มินิมอล,เพื่อไปเที่ยว,กลางวัน,ปานกลาง (1-2 ครั้ง),ผสมสี,5,ทาแบบเกินขอบปาก
3/12/2021 22:52:38,ลิควิดลิปสติก หรือ ลิปจิ้มจุ่ม,โทนสีแดง,น้อยกว่า 200,15 - 24,ผิวสองสี,ริมฝีปากสีคล้ำ,ไม่มี,สไตล์ธรรมชาติ,มินิมอล,เพื่อไปเรียน,กลางวัน,ปานกลาง (1-2 ครั้ง),สีเดียว,4,ทาแบบเบลอขอบปาก
3/12/2021 23:17:44,ลิปเนื้อแมตต์,โทนสีส้ม,น้อยกว่า 200,15 - 24,ผิวสองสี,ริมฝีปากซีด,มี,สไตล์ธรรมชาติ,มินิมอล,เพื่อไปเรียน,กลางวัน,มาก (มากว่า 2 ครั้ง),สีเดียว,3,ทาแบบเต็มปาก
3/12/2021 23:24:30,ลิปมันและลิปบาล์ม,โทนสีนู้ด,น้อยกว่า 200,25 - 35,ผิวแทน,ริมฝีปากอมชมพู,มี,สไตล์ธรรมชาติ,มินิมอล,เพื่อไปออกงานสำคัญ,กลางวัน,น้อย (ไม่เติมระหว่างวัน),สีเดียว,3,ทาแบบเต็มปาก
3/12/2021 23:43:21,ลิปมันและลิปบาล์ม,โทนสีนู้ด,201-500,15 - 24,ผิวสองสี,ริมฝีปากสีคล้ำ,มี,สไตล์ธรรมชาติ,มินิมอล,เพื่อไปออกงานสำคัญ,กลางคืน,ปานกลาง (1-2 ครั้ง),ผสมสี,2,ทาแบบเบลอขอบปาก
3/13/2021 0:22:41,ลิปเนื้อครีม,โทนสีแดง,201-500,15 - 24,ผิวขาวเหลือง,ริมฝีปากอมชมพู,ไม่มี,สไตล์ธรรมชาติ,เกาหลี,เพื่อไปทำงาน,กลางวัน,มาก (มากว่า 2 ครั้ง),ผสมสี,4,ทาแบบเบลอขอบปาก
3/13/2021 0:38:09,ลิปเนื้อแมตต์,โทนน้ำตาล,201-500,15 - 24,ผิวขาวเหลือง,ริมฝีปากซีด,ไม่มี,สไตล์เกาหลี,มินิมอล,เพื่อไปเที่ยว,กลางวัน,น้อย (ไม่เติมระหว่างวัน),ผสมสี,3,ทาแบบเบลอขอบปาก
3/13/2021 0:43:57,ลิปเนื้อแมตต์,โทนสีนู้ด,มากกว่า 800,15 - 24,ผิวสองสี,ริมฝีปากซีด,มี,สไตล์ธรรมชาติ,สตรีท,เพื่อไปเที่ยว,กลางวัน,ปานกลาง (1-2 ครั้ง),สีเดียว,3,ทาแบบเบลอขอบปาก
3/13/2021 0:53:03,ลิปกลอสและลิปทินส์,โทนสีแดง,น้อยกว่า 200,15 - 24,ผิวขาวเหลือง,ริมฝีปากสีคล้ำ,ไม่มี,สไตล์เกาหลี,เกาหลี,เพื่อไปเรียน,กลางวัน,ปานกลาง (1-2 ครั้ง),สีเดียว,2,ทาแบบเต็มปาก
3/13/2021 1:07:49,ลิควิดลิปสติก หรือ ลิปจิ้มจุ่ม,โทนสีนู้ด,201-500,15 - 24,ผิวสองสี,ริมฝีปากสีคล้ำ,มี,สไตล์ธรรมชาติ,มินิมอล,เพื่อไปเรียน,กลางวัน,น้อย (ไม่เติมระหว่างวัน),สีเดียว,3,ทาแบบเต็มปาก
3/13/2021 1:39:17,ลิปกลอสและลิปทินส์,โทนสีแดง,201-500,15 - 24,ผิวสองสี,ริมฝีปากซีด,มี,สไตล์ธรรมชาติ,เกาหลี,เพื่อไปเรียน,กลางวัน,ปานกลาง (1-2 ครั้ง),สีเดียว,4,ทาแบบเบลอขอบปาก
3/13/2021 4:18:42,ลิปมันและลิปบาล์ม,โทนสีชมพู,201-500,15 - 24,ผิวขาวเหลือง,ริมฝีปากสีคล้ำ,ไม่มี,สไตล์ธรรมชาติ,มินิมอล,เพื่อไปทำงาน,กลางวัน,ปานกลาง (1-2 ครั้ง),สีเดียว,3,ทาแบบเต็มปาก
3/13/2021 10:42:28,ลิปมันและลิปบาล์ม,โทนสีชมพู,น้อยกว่า 200,15 - 24,ผิวสองสี,ริมฝีปากสีคล้ำ,ไม่มี,สไตล์ธรรมชาติ,มินิมอล,เพื่อไปเที่ยว,กลางวัน,น้อย (ไม่เติมระหว่างวัน),สีเดียว,4,ทาแบบเบลอขอบปาก
3/13/2021 16:11:09,ลิควิดลิปสติก หรือ ลิปจิ้มจุ่ม,โทนสีแดง,201-500,15 - 24,ผิวขาวเหลือง,ริมฝีปากอมชมพู,มี,สไตล์ธรรมชาติ,มินิมอล,เพื่อไปเรียน,กลางวัน,ปานกลาง (1-2 ครั้ง),สีเดียว,3,ทาแบบเต็มปาก
3/13/2021 17:40:09,ลิควิดลิปสติก หรือ ลิปจิ้มจุ่ม,โทนสีส้ม,201-500,15 - 24,ผิวขาวเหลือง,ริมฝีปากสีคล้ำ,มี,สไตล์ธรรมชาติ,มินิมอล,เพื่อไปเรียน,กลางวัน,มาก (มากว่า 2 ครั้ง),สีเดียว,4,ทาแบบเต็มปาก
3/13/2021 19:47:27,ลิควิดลิปสติก หรือ ลิปจิ้มจุ่ม,โทนสีแดง,น้อยกว่า 200,15 - 24,ผิวขาวเหลือง,ริมฝีปากสีคล้ำ,ไม่มี,สไตล์ธรรมชาติ,วินเทจ,เพื่อไปเรียน,กลางวัน,น้อย (ไม่เติมระหว่างวัน),ผสมสี,1,ทาแบบเบลอขอบปาก
3/13/2021 19:49:01,ลิปเนื้อแมตต์,โทนสีส้ม,น้อยกว่า 200,15 - 24,ผิวขาวเหลือง,ริมฝีปากซีด,มี,สไตล์เกาหลี,มินิมอล,เพื่อไปเที่ยว,กลางวัน,มาก (มากว่า 2 ครั้ง),ผสมสี,3,ทาแบบเบลอขอบปาก
3/13/2021 19:50:04,ลิปกลอสและลิปทินส์,โทนสีแดง,201-500,15 - 24,ผิวขาวอมชมพู,ริมฝีปากซีด,มี,สไตล์ธรรมชาติ,วินเทจ,เพื่อไปเที่ยว,กลางวัน,ปานกลาง (1-2 ครั้ง),สีเดียว,3,ทาแบบเบลอขอบปาก
3/13/2021 19:50:56,ลิปเนื้อครีม,โทนสีแดง,มากกว่า 800,15 - 24,ผิวแทน,ริมฝีปากสีคล้ำ,มี,สไตล์ธรรมชาติ,เกาหลี,เพื่อไปเรียน,กลางวัน,ปานกลาง (1-2 ครั้ง),ผสมสี,3,ทาแบบเบลอขอบปาก
3/13/2021 19:51:13,ลิปเนื้อครีม,โทนสีแดง,201-500,15 - 24,ผิวสองสี,ริมฝีปากซีด,มี,สไตล์ธรรมชาติ,สตรีท,เพื่อไปเรียน,กลางวัน,ปานกลาง (1-2 ครั้ง),สีเดียว,4,ทาแบบเบลอขอบปาก
3/13/2021 19:51:23,ลิควิดลิปสติก หรือ ลิปจิ้มจุ่ม,โทนสีแดง,201-500,15 - 24,ผิวสองสี,ริมฝีปากสีคล้ำ,มี,สไตล์ธรรมชาติ,มินิมอล,เพื่อไปเที่ยว,กลางวัน,ปานกลาง (1-2 ครั้ง),สีเดียว,3,ทาแบบเบลอขอบปาก
3/13/2021 19:54:39,ลิควิดลิปสติก หรือ ลิปจิ้มจุ่ม,โทนสีส้ม,201-500,15 - 24,ผิวขาวเหลือง,ริมฝีปากซีด,มี,สไตล์ธรรมชาติ,มินิมอล,เพื่อไปเรียน,กลางวัน,ปานกลาง (1-2 ครั้ง),ผสมสี,3,ทาแบบเบลอขอบปาก
3/13/2021 19:54:59,ลิควิดลิปสติก หรือ ลิปจิ้มจุ่ม,โทนน้ำตาล,น้อยกว่า 200,15 - 24,ผิวขาวเหลือง,ริมฝีปากซีด,ไม่มี,สไตล์ธรรมชาติ,เกาหลี,เพื่อไปเรียน,กลางวัน,มาก (มากว่า 2 ครั้ง),ผสมสี,3,ทาแบบเต็มปาก
3/13/2021 19:57:25,ลิปกลอสและลิปทินส์,โทนสีแดง,201-500,15 - 24,ผิวสองสี,ริมฝีปากสีคล้ำ,มี,สไตล์ธรรมชาติ,เกาหลี,เพื่อไปเรียน,กลางวัน,มาก (มากว่า 2 ครั้ง),ผสมสี,4,ทาแบบเบลอขอบปาก
3/13/2021 19:57:39,ลิควิดลิปสติก หรือ ลิปจิ้มจุ่ม,โทนสีส้ม,201-500,15 - 24,ผิวแทน,ริมฝีปากสีคล้ำ,มี,สไตล์ธรรมชาติ,มินิมอล,เพื่อไปเที่ยว,กลางวัน,ปานกลาง (1-2 ครั้ง),ผสมสี,2,ทาแบบเต็มปาก
3/13/2021 19:58:06,ลิควิดลิปสติก หรือ ลิปจิ้มจุ่ม,โทนสีส้ม,201-500,15 - 24,ผิวขาวเหลือง,ริมฝีปากอมชมพู,มี,สไตล์เกาหลี,มินิมอล,เพื่อไปเที่ยว,กลางวัน,ปานกลาง (1-2 ครั้ง),สีเดียว,4,ทาแบบเต็มปาก
3/13/2021 20:00:12,ลิปกลอสและลิปทินส์,โทนสีแดง,201-500,15 - 24,ผิวสองสี,ริมฝีปากซีด,มี,สไตล์เกาหลี,เกาหลี,เพื่อไปเรียน,กลางวัน,มาก (มากว่า 2 ครั้ง),ผสมสี,4,ทาแบบเบลอขอบปาก
3/13/2021 20:00:47,ลิควิดลิปสติก หรือ ลิปจิ้มจุ่ม,โทนสีนู้ด,น้อยกว่า 200,15 - 24,ผิวขาวเหลือง,ริมฝีปากอมชมพู,มี,สไตล์ธรรมชาติ,เกาหลี,เพื่อไปทำงาน,กลางวัน,น้อย (ไม่เติมระหว่างวัน),ผสมสี,2,ทาแบบเบลอขอบปาก
3/13/2021 20:01:11,ลิปมันและลิปบาล์ม,โทนสีแดง,201-500,15 - 24,ผิวสองสี,ริมฝีปากสีคล้ำ,มี,สไตล์ธรรมชาติ,มินิมอล,เพื่อไปทำงาน,กลางวัน,ปานกลาง (1-2 ครั้ง),สีเดียว,3,ทาแบบเต็มปาก
3/13/2021 20:04:21,ลิปมันและลิปบาล์ม,โทนสีแดง,201-500,15 - 24,ผิวขาวเหลือง,ริมฝีปากสีคล้ำ,มี,สไตล์ธรรมชาติ,เกาหลี,เพื่อไปเที่ยว,กลางวัน,น้อย (ไม่เติมระหว่างวัน),สีเดียว,3,ทาแบบเต็มปาก
3/13/2021 20:04:27,ลิปเนื้อซาตินและเนื้อเชียร์,โทนสีชมพู,201-500,15 - 24,ผิวขาวเหลือง,ริมฝีปากอมชมพู,มี,สไตล์ธรรมชาติ,เกาหลี,เพื่อไปเที่ยว,กลางวัน,ปานกลาง (1-2 ครั้ง),ผสมสี,3,ทาแบบเบลอขอบปาก
3/13/2021 20:08:39,ลิปมันและลิปบาล์ม,โทนสีนู้ด,น้อยกว่า 200,15 - 24,ผิวสองสี,ริมฝีปากสีคล้ำ,มี,สไตล์ธรรมชาติ,วินเทจ,เพื่อไปทำงาน,กลางวัน,ปานกลาง (1-2 ครั้ง),สีเดียว,3,ทาแบบเบลอขอบปาก
3/13/2021 20:11:04,ลิปเนื้อแมตต์,โทนสีนู้ด,มากกว่า 800,25 - 35,ผิวขาวอมชมพู,ริมฝีปากอมชมพู,ไม่มี,สไตล์ธรรมชาติ,มินิมอล,เพื่อไปทำงาน,กลางวัน,ปานกลาง (1-2 ครั้ง),สีเดียว,1,ทาแบบเต็มปาก
3/13/2021 20:11:31,ลิควิดลิปสติก หรือ ลิปจิ้มจุ่ม,โทนสีส้ม,201-500,15 - 24,ผิวขาวเหลือง,ริมฝีปากสีคล้ำ,มี,สไตล์ธรรมชาติ,วินเทจ,เพื่อไปออกงานสำคัญ,กลางวัน,ปานกลาง (1-2 ครั้ง),สีเดียว,5,ทาแบบเต็มปาก
3/13/2021 20:12:49,ลิควิดลิปสติก หรือ ลิปจิ้มจุ่ม,โทนสีแดง,201-500,15 - 24,ผิวสองสี,ริมฝีปากสีคล้ำ,มี,สไตล์เกาหลี,มินิมอล,เพื่อไปเรียน,กลางวัน,มาก (มากว่า 2 ครั้ง),ผสมสี,4,ทาแบบเบลอขอบปาก
3/13/2021 20:13:41,ลิปเนื้อครีม,โทนน้ำตาล,น้อยกว่า 200,15 - 24,ผิวขาวเหลือง,ริมฝีปากซีด,มี,สไตล์เกาหลี,เกาหลี,เพื่อไปเรียน,กลางวัน,มาก (มากว่า 2 ครั้ง),สีเดียว,3,ทาแบบเบลอขอบปาก
3/13/2021 20:14:01,ลิปกลอสและลิปทินส์,โทนสีชมพู,น้อยกว่า 200,15 - 24,ผิวขาวอมชมพู,ริมฝีปากซีด,มี,สไตล์ธรรมชาติ,มินิมอล,เพื่อไปเรียน,กลางวัน,ปานกลาง (1-2 ครั้ง),สีเดียว,3,ทาแบบเบลอขอบปาก
3/13/2021 20:14:49,ลิควิดลิปสติก หรือ ลิปจิ้มจุ่ม,โทนสีแดง,น้อยกว่า 200,15 - 24,ผิวขาวเหลือง,ริมฝีปากซีด,ไม่มี,สไตล์เกาหลี,มินิมอล,เพื่อไปเรียน,กลางวัน,มาก (มากว่า 2 ครั้ง),สีเดียว,3,ทาแบบเบลอขอบปาก
3/13/2021 20:23:42,ลิปกลอสและลิปทินส์,โทนสีส้ม,201-500,15 - 24,ผิวสองสี,ริมฝีปากซีด,มี,สไตล์ธรรมชาติ,วินเทจ,เพื่อไปเรียน,กลางวัน,น้อย (ไม่เติมระหว่างวัน),ผสมสี,3,ทาแบบเบลอขอบปาก
3/13/2021 20:23:46,ลิปมันและลิปบาล์ม,โทนสีชมพู,น้อยกว่า 200,15 - 24,ผิวขาวเหลือง,ริมฝีปากอมชมพู,ไม่มี,สไตล์ธรรมชาติ,สตรีท,เพื่อไปเรียน,กลางวัน,ปานกลาง (1-2 ครั้ง),สีเดียว,3,ทาแบบเบลอขอบปาก
3/13/2021 20:32:08,ลิควิดลิปสติก หรือ ลิปจิ้มจุ่ม,โทนน้ำตาล,น้อยกว่า 200,15 - 24,ผิวแทน,ริมฝีปากซีด,มี,สไตล์เกาหลี,มินิมอล,เพื่อไปเรียน,กลางวัน,มาก (มากว่า 2 ครั้ง),ผสมสี,3,ทาแบบเบลอขอบปาก
3/13/2021 20:35:43,ลิปเนื้อซาตินและเนื้อเชียร์,โทนสีแดง,มากกว่า 800,15 - 24,ผิวขาวเหลือง,ริมฝีปากอมชมพู,มี,สไตล์ฝรั่ง,เกาหลี,เพื่อไปทำงาน,กลางวัน,ปานกลาง (1-2 ครั้ง),สีเดียว,2,ทาแบบเต็มปาก
3/13/2021 20:35:49,ลิปเนื้อแมตต์,โทนสีชมพู,201-500,25 - 35,ผิวขาวเหลือง,ริมฝีปากอมชมพู,มี,สไตล์เกาหลี,สตรีท,เพื่อไปเรียน,กลางวัน,ปานกลาง (1-2 ครั้ง),ผสมสี,5,ทาแบบเกินขอบปาก
3/13/2021 20:39:21,ลิปเนื้อแมตต์,โทนสีส้ม,201-500,25 - 35,ผิวสองสี,ริมฝีปากสีคล้ำ,มี,สไตล์ธรรมชาติ,สตรีท,เพื่อไปทำงาน,กลางวัน,ปานกลาง (1-2 ครั้ง),ผสมสี,2,ทาแบบเต็มปาก
3/13/2021 20:42:52,ลิปเนื้อแมตต์,โทนน้ำตาล,201-500,15 - 24,ผิวสองสี,ริมฝีปากอมชมพู,ไม่มี,สไตล์ฝรั่ง,อเมริกัน,เพื่อไปเที่ยว,กลางวัน,น้อย (ไม่เติมระหว่างวัน),สีเดียว,3,ทาแบบเต็มปาก
3/13/2021 20:46:43,ลิปเนื้อซาตินและเนื้อเชียร์,โทนสีแดง,น้อยกว่า 200,15 - 24,ผิวขาวเหลือง,ริมฝีปากอมชมพู,ไม่มี,สไตล์เกาหลี,วินเทจ,เพื่อไปเที่ยว,กลางวัน,มาก (มากว่า 2 ครั้ง),ผสมสี,3,ทาแบบเบลอขอบปาก
3/13/2021 20:50:02,ลิปกลอสและลิปทินส์,โทนสีแดง,201-500,15 - 24,ผิวขาวเหลือง,ริมฝีปากอมชมพู,ไม่มี,สไตล์ธรรมชาติ,เกาหลี,เพื่อไปเที่ยว,กลางวัน,ปานกลาง (1-2 ครั้ง),ผสมสี,3,ทาแบบเบลอขอบปาก
3/13/2021 20:54:59,ลิควิดลิปสติก หรือ ลิปจิ้มจุ่ม,โทนสีส้ม,201-500,15 - 24,ผิวขาวเหลือง,ริมฝีปากอมชมพู,ไม่มี,สไตล์ฝรั่ง,สตรีท,เพื่อไปเที่ยว,กลางวัน,ปานกลาง (1-2 ครั้ง),ผสมสี,2,ทาแบบเบลอขอบปาก
3/13/2021 21:20:28,ลิปเนื้อแมตต์,โทนสีนู้ด,501-800,15 - 24,ผิวขาวเหลือง,ริมฝีปากอมชมพู,มี,สไตล์ธรรมชาติ,วินเทจ,เพื่อไปเรียน,กลางวัน,ปานกลาง (1-2 ครั้ง),ผสมสี,3,ทาแบบเบลอขอบปาก
3/13/2021 21:21:55,ลิควิดลิปสติก หรือ ลิปจิ้มจุ่ม,โทนสีนู้ด,201-500,15 - 24,ผิวขาวเหลือง,ริมฝีปากอมชมพู,มี,สไตล์ธรรมชาติ,มินิมอล,เพื่อไปเที่ยว,กลางวัน,น้อย (ไม่เติมระหว่างวัน),สีเดียว,4,ทาแบบเต็มปาก
3/13/2021 21:23:48,ลิปกลอสและลิปทินส์,โทนสีส้ม,201-500,15 - 24,ผิวขาวเหลือง,ริมฝีปากซีด,ไม่มี,สไตล์เกาหลี,เกาหลี,เพื่อไปเที่ยว,กลางวัน,มาก (มากว่า 2 ครั้ง),ผสมสี,4,ทาแบบเบลอขอบปาก
3/13/2021 21:27:10,ลิปกลอสและลิปทินส์,โทนสีแดง,201-500,15 - 24,ผิวขาวเหลือง,ริมฝีปากอมชมพู,ไม่มี,สไตล์ธรรมชาติ,สตรีท,เพื่อไปเรียน,กลางวัน,ปานกลาง (1-2 ครั้ง),ผสมสี,1,ทาแบบเบลอขอบปาก
3/13/2021 21:39:45,ลิปเนื้อครีม,โทนสีแดง,น้อยกว่า 200,15 - 24,ผิวแทน,ริมฝีปากสีคล้ำ,มี,สไตล์ฝรั่ง,สตรีท,เพื่อไปเที่ยว,กลางวัน,มาก (มากว่า 2 ครั้ง),สีเดียว,4,ทาแบบเต็มปาก
3/13/2021 21:52:47,ลิปเนื้อแมตต์,โทนสีนู้ด,201-500,15 - 24,ผิวสองสี,ริมฝีปากสีคล้ำ,ไม่มี,สไตล์ธรรมชาติ,มินิมอล,เพื่อไปเที่ยว,กลางวัน,น้อย (ไม่เติมระหว่างวัน),สีเดียว,1,ทาแบบเต็มปาก
3/13/2021 22:08:13,ลิควิดลิปสติก หรือ ลิปจิ้มจุ่ม,โทนสีชมพู,น้อยกว่า 200,15 - 24,ผิวสองสี,ริมฝีปากสีคล้ำ,มี,สไตล์ธรรมชาติ,วินเทจ,เพื่อไปเที่ยว,กลางวัน,ปานกลาง (1-2 ครั้ง),ผสมสี,2,ทาแบบเบลอขอบปาก
3/13/2021 22:11:43,ลิควิดลิปสติก หรือ ลิปจิ้มจุ่ม,โทนสีส้ม,น้อยกว่า 200,15 - 24,ผิวขาวเหลือง,ริมฝีปากสีคล้ำ,ไม่มี,สไตล์ธรรมชาติ,มินิมอล,เพื่อไปเที่ยว,กลางวัน,น้อย (ไม่เติมระหว่างวัน),ผสมสี,2,ทาแบบเบลอขอบปาก
3/13/2021 22:22:14,ลิควิดลิปสติก หรือ ลิปจิ้มจุ่ม,โทนสีแดง,น้อยกว่า 200,15 - 24,ผิวขาวเหลือง,ริมฝีปากซีด,มี,สไตล์ธรรมชาติ,สตรีท,เพื่อไปเรียน,กลางวัน,มาก (มากว่า 2 ครั้ง),สีเดียว,2,ทาแบบเต็มปาก
3/13/2021 22:24:07,ลิปเนื้อซาตินและเนื้อเชียร์,โทนสีชมพู,201-500,15 - 24,ผิวขาวเหลือง,ริมฝีปากซีด,มี,สไตล์เกาหลี,เกาหลี,เพื่อไปเรียน,กลางวัน,ปานกลาง (1-2 ครั้ง),ผสมสี,3,ทาแบบเบลอขอบปาก
3/13/2021 22:40:56,ลิปเนื้อซาตินและเนื้อเชียร์,โทนสีส้ม,มากกว่า 800,มากกว่า 35,ผิวขาวเหลือง,ริมฝีปากซีด,มี,สไตล์เกาหลี,เกาหลี,เพื่อไปเที่ยว,กลางวัน,ปานกลาง (1-2 ครั้ง),สีเดียว,4,ทาแบบเต็มปาก
3/13/2021 23:09:20,ลิปเนื้อแมตต์,โทนสีนู้ด,501-800,15 - 24,ผิวสองสี,ริมฝีปากซีด,ไม่มี,สไตล์ฝรั่ง,มินิมอล,เพื่อไปเรียน,กลางวัน,ปานกลาง (1-2 ครั้ง),สีเดียว,2,ทาแบบเต็มปาก
3/13/2021 23:14:03,ลิปไลเนอร์,โทนสีชมพู,201-500,15 - 24,ผิวแทน,ริมฝีปากสีคล้ำ,มี,สไตล์ธรรมชาติ,สตรีท,เพื่อไปเรียน,กลางวัน,ปานกลาง (1-2 ครั้ง),สีเดียว,3,ทาแบบเต็มปาก
3/13/2021 23:24:01,ลิควิดลิปสติก หรือ ลิปจิ้มจุ่ม,โทนน้ำตาล,201-500,15 - 24,ผิวสองสี,ริมฝีปากสีคล้ำ,มี,สไตล์ฝรั่ง,วินเทจ,เพื่อไปเรียน,กลางวัน,ปานกลาง (1-2 ครั้ง),สีเดียว,2,ทาแบบเบลอขอบปาก
3/14/2021 9:50:42,ลิปเนื้อครีม,โทนสีชมพู,201-500,15 - 24,ผิวสองสี,ริมฝีปากสีคล้ำ,มี,สไตล์ธรรมชาติ,มินิมอล,เพื่อไปเที่ยว,กลางวัน,ปานกลาง (1-2 ครั้ง),ผสมสี,4,ทาแบบเกินขอบปาก
3/14/2021 12:17:29,ลิควิดลิปสติก หรือ ลิปจิ้มจุ่ม,โทนสีชมพู,น้อยกว่า 200,15 - 24,ผิวสองสี,ริมฝีปากสีคล้ำ,มี,สไตล์ธรรมชาติ,มินิมอล,เพื่อไปเรียน,กลางวัน,ปานกลาง (1-2 ครั้ง),สีเดียว,3,ทาแบบเบลอขอบปาก
3/14/2021 12:26:41,ลิปเนื้อซาตินและเนื้อเชียร์,โทนสีแดง,201-500,15 - 24,ผิวขาวอมชมพู,ริมฝีปากซีด,ไม่มี,สไตล์เกาหลี,เกาหลี,เพื่อไปเที่ยว,กลางวัน,ปานกลาง (1-2 ครั้ง),สีเดียว,3,ทาแบบเบลอขอบปาก
3/14/2021 23:15:27,ลิปเนื้อซาตินและเนื้อเชียร์,โทนน้ำตาล,201-500,15 - 24,ผิวสองสี,ริมฝีปากซีด,มี,สไตล์ธรรมชาติ,สตรีท,เพื่อไปเที่ยว,กลางวัน,มาก (มากว่า 2 ครั้ง),ผสมสี,3,ทาแบบเบลอขอบปาก
3/15/2021 0:04:49,ลิปมันและลิปบาล์ม,โทนสีชมพู,201-500,15 - 24,ผิวขาวเหลือง,ริมฝีปากอมชมพู,ไม่มี,สไตล์เกาหลี,เกาหลี,เพื่อไปเที่ยว,กลางวัน,ปานกลาง (1-2 ครั้ง),ผสมสี,4,ทาแบบเต็มปาก
3/15/2021 9:01:02,ลิปกลอสและลิปทินส์,โทนสีนู้ด,201-500,15 - 24,ผิวสองสี,ริมฝีปากสีคล้ำ,มี,สไตล์เกาหลี,เกาหลี,เพื่อไปเที่ยว,กลางวัน,มาก (มากว่า 2 ครั้ง),ผสมสี,2,ทาแบบเบลอขอบปาก
3/15/2021 9:34:40,ลิควิดลิปสติก หรือ ลิปจิ้มจุ่ม,โทนสีส้ม,น้อยกว่า 200,15 - 24,ผิวขาวเหลือง,ริมฝีปากอมชมพู,มี,สไตล์ธรรมชาติ,มินิมอล,เพื่อไปเที่ยว,กลางวัน,ปานกลาง (1-2 ครั้ง),สีเดียว,1,ทาแบบเบลอขอบปาก
3/15/2021 12:33:07,ลิปเนื้อแมตต์,โทนสีนู้ด,201-500,25 - 35,ผิวขาวเหลือง,ริมฝีปากสีคล้ำ,มี,สไตล์ธรรมชาติ,มินิมอล,เพื่อไปเที่ยว,กลางวัน,ปานกลาง (1-2 ครั้ง),ผสมสี,1,ทาแบบเต็มปาก
3/15/2021 12:43:54,ลิปเนื้อแมตต์,โทนสีนู้ด,201-500,15 - 24,ผิวสองสี,ริมฝีปากซีด,มี,สไตล์ธรรมชาติ,สตรีท,เพื่อไปทำงาน,กลางวัน,ปานกลาง (1-2 ครั้ง),สีเดียว,2,ทาแบบเต็มปาก
3/15/2021 13:19:19,ลิปกลอสและลิปทินส์,โทนสีแดง,มากกว่า 800,15 - 24,ผิวขาวเหลือง,ริมฝีปากอมชมพู,ไม่มี,สไตล์เกาหลี,มินิมอล,เพื่อไปเรียน,กลางวัน,ปานกลาง (1-2 ครั้ง),ผสมสี,5,ทาแบบเบลอขอบปาก
3/15/2021 15:30:58,ลิควิดลิปสติก หรือ ลิปจิ้มจุ่ม,โทนสีแดง,201-500,15 - 24,ผิวขาวเหลือง,ริมฝีปากอมชมพู,มี,สไตล์ธรรมชาติ,มินิมอล,เพื่อไปทำงาน,กลางวัน,ปานกลาง (1-2 ครั้ง),สีเดียว,3,ทาแบบเต็มปาก
3/17/2021 14:02:02,ลิปเนื้อแมตต์,โทนน้ำตาล,501-800,15 - 24,ผิวสองสี,ริมฝีปากสีคล้ำ,มี,สไตล์ธรรมชาติ,สตรีท,เพื่อไปเที่ยว,กลางคืน,น้อย (ไม่เติมระหว่างวัน),ผสมสี,2,ทาแบบเบลอขอบปาก
3/17/2021 14:03:04,ลิปกลอสและลิปทินส์,โทนสีชมพู,201-500,15 - 24,ผิวขาวเหลือง,ริมฝีปากอมชมพู,มี,สไตล์เกาหลี,สตรีท,เพื่อไปเที่ยว,กลางวัน,ปานกลาง (1-2 ครั้ง),ผสมสี,4,ทาแบบเบลอขอบปาก
3/17/2021 14:03:20,ลิปกลอสและลิปทินส์,โทนสีส้ม,201-500,15 - 24,ผิวขาวเหลือง,ริมฝีปากซีด,มี,สไตล์ธรรมชาติ,สตรีท,เพื่อไปเที่ยว,กลางวัน,มาก (มากว่า 2 ครั้ง),ผสมสี,3,ทาแบบเบลอขอบปาก
3/17/2021 14:19:34,ลิปเนื้อแมตต์,โทนสีส้ม,201-500,15 - 24,ผิวขาวอมชมพู,ริมฝีปากซีด,มี,สไตล์ธรรมชาติ,มินิมอล,เพื่อไปออกงานสำคัญ,กลางคืน,น้อย (ไม่เติมระหว่างวัน),สีเดียว,4,ทาแบบเต็มปาก
3/17/2021 14:23:18,ลิปมันและลิปบาล์ม,โทนสีส้ม,501-800,15 - 24,ผิวสองสี,ริมฝีปากสีคล้ำ,มี,สไตล์ธรรมชาติ,เกาหลี,เพื่อไปเรียน,กลางวัน,ปานกลาง (1-2 ครั้ง),ผสมสี,4,ทาแบบเบลอขอบปาก
3/17/2021 14:30:35,ลิปมันและลิปบาล์ม,โทนสีแดง,น้อยกว่า 200,15 - 24,ผิวขาวเหลือง,ริมฝีปากสีคล้ำ,ไม่มี,สไตล์ธรรมชาติ,มินิมอล,เพื่อไปเที่ยว,กลางวัน,น้อย (ไม่เติมระหว่างวัน),สีเดียว,2,ทาแบบเต็มปาก
3/17/2021 14:36:32,ลิปมันและลิปบาล์ม,โทนสีส้ม,201-500,15 - 24,ผิวสองสี,ริมฝีปากซีด,มี,สไตล์ธรรมชาติ,เกาหลี,เพื่อไปเรียน,กลางวัน,น้อย (ไม่เติมระหว่างวัน),สีเดียว,4,ทาแบบเต็มปาก
3/17/2021 14:37:34,ลิปเนื้อครีม,โทนสีส้ม,201-500,15 - 24,ผิวสองสี,ริมฝีปากซีด,มี,สไตล์เกาหลี,เกาหลี,เพื่อไปเที่ยว,กลางวัน,ปานกลาง (1-2 ครั้ง),ผสมสี,2,ทาแบบเบลอขอบปาก
3/17/2021 14:38:24,ลิควิดลิปสติก หรือ ลิปจิ้มจุ่ม,โทนสีชมพู,น้อยกว่า 200,15 - 24,ผิวขาวเหลือง,ริมฝีปากซีด,มี,สไตล์เกาหลี,มินิมอล,เพื่อไปเรียน,กลางวัน,ปานกลาง (1-2 ครั้ง),สีเดียว,1,ทาแบบเต็มปาก
3/17/2021 15:21:25,ลิควิดลิปสติก หรือ ลิปจิ้มจุ่ม,โทนสีแดง,201-500,15 - 24,ผิวขาวเหลือง,ริมฝีปากซีด,ไม่มี,สไตล์ธรรมชาติ,สตรีท,เพื่อไปเที่ยว,กลางวัน,ปานกลาง (1-2 ครั้ง),ผสมสี,4,ทาแบบเกินขอบปาก
3/17/2021 15:29:11,ลิปกลอสและลิปทินส์,โทนสีแดง,น้อยกว่า 200,15 - 24,ผิวขาวเหลือง,ริมฝีปากสีคล้ำ,มี,สไตล์ธรรมชาติ,มินิมอล,เพื่อไปเที่ยว,กลางวัน,ปานกลาง (1-2 ครั้ง),สีเดียว,3,ทาแบบเต็มปาก
3/17/2021 15:30:01,ลิควิดลิปสติก หรือ ลิปจิ้มจุ่ม,โทนสีนู้ด,201-500,15 - 24,ผิวขาวเหลือง,ริมฝีปากซีด,มี,สไตล์ธรรมชาติ,มินิมอล,เพื่อไปเรียน,กลางวัน,ปานกลาง (1-2 ครั้ง),สีเดียว,2,ทาแบบเบลอขอบปาก
3/17/2021 15:34:40,ลิควิดลิปสติก หรือ ลิปจิ้มจุ่ม,โทนสีส้ม,201-500,15 - 24,ผิวขาวเหลือง,ริมฝีปากซีด,ไม่มี,สไตล์เกาหลี,เกาหลี,เพื่อไปทำงาน,กลางวัน,ปานกลาง (1-2 ครั้ง),ผสมสี,3,ทาแบบเบลอขอบปาก
3/17/2021 15:36:42,ลิปเนื้อครีม,โทนสีแดง,201-500,15 - 24,ผิวสองสี,ริมฝีปากอมชมพู,มี,สไตล์เกาหลี,เกาหลี,เพื่อไปเที่ยว,กลางวัน,ปานกลาง (1-2 ครั้ง),ผสมสี,3,ทาแบบเบลอขอบปาก
3/17/2021 15:42:43,ลิควิดลิปสติก หรือ ลิปจิ้มจุ่ม,โทนสีแดง,201-500,15 - 24,ผิวสองสี,ริมฝีปากอมชมพู,มี,สไตล์เกาหลี,เกาหลี,เพื่อไปเที่ยว,กลางวัน,ปานกลาง (1-2 ครั้ง),สีเดียว,4,ทาแบบเบลอขอบปาก
3/17/2021 15:53:45,ลิปกลอสและลิปทินส์,โทนสีส้ม,201-500,15 - 24,ผิวขาวเหลือง,ริมฝีปากสีคล้ำ,มี,สไตล์เกาหลี,เกาหลี,เพื่อไปเรียน,กลางวัน,ปานกลาง (1-2 ครั้ง),ผสมสี,3,ทาแบบเบลอขอบปาก
3/17/2021 15:54:23,ลิควิดลิปสติก หรือ ลิปจิ้มจุ่ม,โทนน้ำตาล,น้อยกว่า 200,15 - 24,ผิวสองสี,ริมฝีปากซีด,มี,สไตล์ธรรมชาติ,มินิมอล,เพื่อไปเที่ยว,กลางวัน,ปานกลาง (1-2 ครั้ง),สีเดียว,3,ทาแบบเบลอขอบปาก
3/17/2021 15:57:04,ลิควิดลิปสติก หรือ ลิปจิ้มจุ่ม,โทนสีแดง,น้อยกว่า 200,15 - 24,ผิวขาวเหลือง,ริมฝีปากอมชมพู,มี,สไตล์ธรรมชาติ,สตรีท,เพื่อไปเรียน,กลางวัน,ปานกลาง (1-2 ครั้ง),สีเดียว,2,ทาแบบเบลอขอบปาก
3/17/2021 15:57:16,ลิควิดลิปสติก หรือ ลิปจิ้มจุ่ม,โทนสีแดง,201-500,15 - 24,ผิวแทน,ริมฝีปากสีคล้ำ,ไม่มี,สไตล์ธรรมชาติ,มินิมอล,เพื่อไปเรียน,กลางวัน,ปานกลาง (1-2 ครั้ง),สีเดียว,3,ทาแบบเต็มปาก
3/17/2021 16:02:07,ลิปเนื้อซาตินและเนื้อเชียร์,โทนสีส้ม,201-500,15 - 24,ผิวขาวเหลือง,ริมฝีปากซีด,มี,สไตล์ธรรมชาติ,มินิมอล,เพื่อไปเที่ยว,กลางวัน,ปานกลาง (1-2 ครั้ง),ผสมสี,2,ทาแบบเบลอขอบปาก
3/17/2021 16:38:57,ลิควิดลิปสติก หรือ ลิปจิ้มจุ่ม,โทนสีชมพู,น้อยกว่า 200,15 - 24,ผิวขาวอมชมพู,ริมฝีปากซีด,มี,สไตล์ธรรมชาติ,มินิมอล,เพื่อไปทำงาน,กลางวัน,ปานกลาง (1-2 ครั้ง),ผสมสี,1,ทาแบบเกินขอบปาก
3/17/2021 16:43:35,ลิปมันและลิปบาล์ม,โทนสีนู้ด,น้อยกว่า 200,15 - 24,ผิวสองสี,ริมฝีปากสีคล้ำ,ไม่มี,สไตล์ธรรมชาติ,สตรีท,เพื่อไปเรียน,กลางวัน,น้อย (ไม่เติมระหว่างวัน),สีเดียว,3,ทาแบบเบลอขอบปาก
3/17/2021 17:02:48,ลิควิดลิปสติก หรือ ลิปจิ้มจุ่ม,โทนสีแดง,มากกว่า 800,15 - 24,ผิวแทน,ริมฝีปากสีคล้ำ,ไม่มี,สไตล์ธรรมชาติ,อเมริกัน,เพื่อไปเรียน,กลางวัน,มาก (มากว่า 2 ครั้ง),ผสมสี,2,ทาแบบเต็มปาก
3/17/2021 17:10:57,ลิควิดลิปสติก หรือ ลิปจิ้มจุ่ม,โทนสีแดง,น้อยกว่า 200,15 - 24,ผิวขาวเหลือง,ริมฝีปากสีคล้ำ,มี,สไตล์ธรรมชาติ,สตรีท,เพื่อไปเรียน,กลางวัน,มาก (มากว่า 2 ครั้ง),สีเดียว,3,ทาแบบเต็มปาก
3/17/2021 17:17:47,ลิปเนื้อแมตต์,โทนสีนู้ด,มากกว่า 800,15 - 24,ผิวสองสี,ริมฝีปากสีคล้ำ,มี,สไตล์ธรรมชาติ,มินิมอล,เพื่อไปเที่ยว,กลางวัน,ปานกลาง (1-2 ครั้ง),สีเดียว,3,ทาแบบเต็มปาก
3/17/2021 17:31:15,ลิปเนื้อซาตินและเนื้อเชียร์,โทนสีส้ม,น้อยกว่า 200,15 - 24,ผิวขาวเหลือง,ริมฝีปากสีคล้ำ,มี,สไตล์เกาหลี,วินเทจ,เพื่อไปเที่ยว,กลางวัน,น้อย (ไม่เติมระหว่างวัน),ผสมสี,2,ทาแบบเต็มปาก
3/17/2021 17:36:00,ลิปเนื้อซาตินและเนื้อเชียร์,โทนสีส้ม,201-500,15 - 24,ผิวสองสี,ริมฝีปากสีคล้ำ,มี,สไตล์ธรรมชาติ,เกาหลี,เพื่อไปเรียน,กลางวัน,ปานกลาง (1-2 ครั้ง),สีเดียว,3,ทาแบบเบลอขอบปาก
3/17/2021 17:43:13,ลิปเนื้อครีม,โทนสีแดง,201-500,15 - 24,ผิวสองสี,ริมฝีปากซีด,มี,สไตล์ธรรมชาติ,มินิมอล,เพื่อไปเที่ยว,กลางวัน,ปานกลาง (1-2 ครั้ง),ผสมสี,2,ทาแบบเบลอขอบปาก
3/17/2021 18:07:42,ลิควิดลิปสติก หรือ ลิปจิ้มจุ่ม,โทนสีแดง,201-500,15 - 24,ผิวขาวเหลือง,ริมฝีปากอมชมพู,ไม่มี,สไตล์ธรรมชาติ,วินเทจ,เพื่อไปเรียน,กลางวัน,ปานกลาง (1-2 ครั้ง),ผสมสี,3,ทาแบบเบลอขอบปาก
3/17/2021 18:50:40,ลิควิดลิปสติก หรือ ลิปจิ้มจุ่ม,โทนน้ำตาล,น้อยกว่า 200,25 - 35,ผิวสองสี,ริมฝีปากสีคล้ำ,มี,สไตล์ธรรมชาติ,เกาหลี,เพื่อไปเที่ยว,กลางวัน,ปานกลาง (1-2 ครั้ง),ผสมสี,1,ทาแบบเบลอขอบปาก
3/17/2021 20:50:52,ลิปเนื้อครีม,โทนสีส้ม,น้อยกว่า 200,15 - 24,ผิวสองสี,ริมฝีปากอมชมพู,ไม่มี,สไตล์ธรรมชาติ,มินิมอล,เพื่อไปเที่ยว,กลางวัน,ปานกลาง (1-2 ครั้ง),ผสมสี,2,ทาแบบเบลอขอบปาก
3/17/2021 21:56:09,ลิควิดลิปสติก หรือ ลิปจิ้มจุ่ม,โทนสีส้ม,น้อยกว่า 200,15 - 24,ผิวขาวเหลือง,ริมฝีปากอมชมพู,ไม่มี,สไตล์ธรรมชาติ,มินิมอล,เพื่อไปเรียน,กลางวัน,ปานกลาง (1-2 ครั้ง),ผสมสี,4,ทาแบบเบลอขอบปาก
3/17/2021 22:13:23,ลิปเนื้อครีม,โทนสีแดง,201-500,15 - 24,ผิวขาวเหลือง,ริมฝีปากสีคล้ำ,ไม่มี,สไตล์ธรรมชาติ,มินิมอล,เพื่อไปเที่ยว,กลางวัน,น้อย (ไม่เติมระหว่างวัน),ผสมสี,3,ทาแบบเต็มปาก
3/17/2021 22:17:16,ลิปกลอสและลิปทินส์,โทนสีชมพู,มากกว่า 800,15 - 24,ผิวขาวเหลือง,ริมฝีปากซีด,มี,สไตล์ธรรมชาติ,มินิมอล,เพื่อไปเที่ยว,กลางวัน,น้อย (ไม่เติมระหว่างวัน),ผสมสี,4,ทาแบบเต็มปาก
3/17/2021 22:20:50,ลิปไลเนอร์,โทนสีแดง,201-500,15 - 24,ผิวขาวเหลือง,ริมฝีปากอมชมพู,มี,สไตล์ฝรั่ง,อเมริกัน,เพื่อไปออกกำลังกาย,กลางคืน,ปานกลาง (1-2 ครั้ง),สีเดียว,3,ทาแบบเกินขอบปาก
3/17/2021 22:26:15,ลิปเนื้อซาตินและเนื้อเชียร์,โทนสีนู้ด,201-500,15 - 24,ผิวสองสี,ริมฝีปากซีด,ไม่มี,สไตล์ธรรมชาติ,วินเทจ,เพื่อไปออกงานสำคัญ,กลางวัน,น้อย (ไม่เติมระหว่างวัน),ผสมสี,3,ทาแบบเบลอขอบปาก
3/17/2021 22:34:23,ลิปมันและลิปบาล์ม,โทนสีชมพู,น้อยกว่า 200,15 - 24,ผิวขาวเหลือง,ริมฝีปากอมชมพู,ไม่มี,สไตล์ธรรมชาติ,สตรีท,เพื่อไปเที่ยว,กลางวัน,น้อย (ไม่เติมระหว่างวัน),ผสมสี,3,ทาแบบเบลอขอบปาก
3/17/2021 23:46:47,ลิควิดลิปสติก หรือ ลิปจิ้มจุ่ม,โทนสีชมพู,201-500,15 - 24,ผิวสองสี,ริมฝีปากซีด,มี,สไตล์ฝรั่ง,สตรีท,เพื่อไปเที่ยว,กลางวัน,มาก (มากว่า 2 ครั้ง),ผสมสี,2,ทาแบบเบลอขอบปาก
3/17/2021 23:47:34,ลิปกลอสและลิปทินส์,โทนสีแดง,201-500,15 - 24,ผิวสองสี,ริมฝีปากซีด,มี,สไตล์ฝรั่ง,สตรีท,เพื่อไปเที่ยว,กลางวัน,มาก (มากว่า 2 ครั้ง),สีเดียว,4,ทาแบบเบลอขอบปาก
3/17/2021 23:56:36,ลิควิดลิปสติก หรือ ลิปจิ้มจุ่ม,โทนสีแดง,201-500,15 - 24,ผิวขาวเหลือง,ริมฝีปากอมชมพู,มี,สไตล์เกาหลี,เกาหลี,เพื่อไปเที่ยว,กลางวัน,ปานกลาง (1-2 ครั้ง),ผสมสี,4,ทาแบบเบลอขอบปาก
3/18/2021 0:56:24,ลิปกลอสและลิปทินส์,โทนสีแดง,201-500,15 - 24,ผิวสองสี,ริมฝีปากซีด,มี,สไตล์ฝรั่ง,สตรีท,เพื่อไปเที่ยว,กลางวัน,มาก (มากว่า 2 ครั้ง),สีเดียว,4,ทาแบบเบลอขอบปาก
3/18/2021 7:43:39,ลิควิดลิปสติก หรือ ลิปจิ้มจุ่ม,โทนสีส้ม,น้อยกว่า 200,15 - 24,ผิวสองสี,ริมฝีปากสีคล้ำ,ไม่มี,สไตล์ธรรมชาติ,อเมริกัน,เพื่อไปเที่ยว,กลางวัน,ปานกลาง (1-2 ครั้ง),สีเดียว,3,ทาแบบเต็มปาก
3/18/2021 11:46:04,ลิปมันและลิปบาล์ม,โทนสีส้ม,201-500,15 - 24,ผิวขาวเหลือง,ริมฝีปากอมชมพู,มี,สไตล์เกาหลี,มินิมอล,เพื่อไปเรียน,กลางวัน,ปานกลาง (1-2 ครั้ง),ผสมสี,3,ทาแบบเบลอขอบปาก
3/18/2021 16:20:11,ลิควิดลิปสติก หรือ ลิปจิ้มจุ่ม,โทนสีแดง,201-500,15 - 24,ผิวสองสี,ริมฝีปากอมชมพู,มี,สไตล์ธรรมชาติ,มินิมอล,เพื่อไปเที่ยว,กลางวัน,มาก (มากว่า 2 ครั้ง),สีเดียว,2,ทาแบบเบลอขอบปาก
3/19/2021 0:24:33,ลิปกลอสและลิปทินส์,โทนสีแดง,201-500,15 - 24,ผิวสองสี,ริมฝีปากซีด,มี,สไตล์ฝรั่ง,สตรีท,เพื่อไปเที่ยว,กลางวัน,มาก (มากว่า 2 ครั้ง),สีเดียว,4,ทาแบบเบลอขอบปาก
3/19/2021 21:21:58,ลิปเนื้อซาตินและเนื้อเชียร์,โทนน้ำตาล,201-500,15 - 24,ผิวสองสี,ริมฝีปากสีคล้ำ,ไม่มี,สไตล์ฝรั่ง,วินเทจ,เพื่อไปเรียน,กลางวัน,น้อย (ไม่เติมระหว่างวัน),สีเดียว,1,ทาแบบเต็มปาก
3/20/2021 23:38:54,ลิปเนื้อครีม,โทนสีส้ม,201-500,15 - 24,ผิวสองสี,ริมฝีปากซีด,มี,สไตล์เกาหลี,เกาหลี,เพื่อไปเที่ยว,กลางวัน,ปานกลาง (1-2 ครั้ง),ผสมสี,2,ทาแบบเบลอขอบปาก
